"rep","mode","n_changepoints","precision","recall","F1","changepoints"
1,"right",7,0.714285714285714,0.5,0.588235294117647,"1085,1526,1685,1866,2042,2577,2768"
1,"both",8,0.625,0.5,0.555555555555556,"1085,1526,1685,1866,2047,2428,2572,2768"
2,"right",7,0.714285714285714,0.5,0.588235294117647,"1070,1526,1685,1866,2030,2578,2768"
2,"both",8,0.625,0.5,0.555555555555556,"1070,1526,1685,1866,2030,2428,2575,2768"
3,"right",7,0.857142857142857,0.6,0.705882352941176,"1070,1540,1685,1866,2047,2590,2768"
3,"both",8,0.75,0.6,0.666666666666667,"1070,1540,1685,1866,2047,2413,2576,2768"
4,"right",6,0.833333333333333,0.5,0.625,"1070,1526,1685,1866,2047,2728"
4,"both",7,0.857142857142857,0.6,0.705882352941176,"1070,1526,1685,1866,2047,2456,2768"
5,"right",7,0.857142857142857,0.6,0.705882352941176,"1070,1526,1685,1866,2047,2568,2768"
5,"both",8,0.75,0.6,0.666666666666667,"1070,1526,1685,1866,2047,2428,2579,2768"
6,"right",7,0.857142857142857,0.6,0.705882352941176,"1070,1526,1685,1866,2047,2564,2766"
6,"both",8,0.75,0.6,0.666666666666667,"1070,1526,1685,1866,2047,2428,2575,2766"
7,"right",7,1,0.7,0.823529411764706,"1070,1526,1685,1866,2038,2591,2769"
7,"both",8,0.75,0.6,0.666666666666667,"1070,1526,1685,1866,2047,2428,2575,2769"
8,"right",7,0.857142857142857,0.6,0.705882352941176,"1070,1526,1685,1866,2047,2552,2765"
8,"both",8,0.75,0.6,0.666666666666667,"1070,1526,1685,1866,2047,2428,2574,2769"
9,"right",6,0.833333333333333,0.5,0.625,"1070,1526,1685,1866,2047,2705"
9,"both",8,0.875,0.7,0.777777777777778,"1070,1526,1685,1866,2047,2428,2590,2768"
10,"right",7,1,0.7,0.823529411764706,"1070,1526,1685,1866,2047,2591,2768"
10,"both",8,0.75,0.6,0.666666666666667,"1070,1526,1685,1866,2047,2422,2573,2768"
11,"right",6,0.666666666666667,0.4,0.5,"1154,1656,1866,2047,2591,2768"
11,"both",8,0.625,0.5,0.555555555555556,"1070,1575,1685,1866,2047,2428,2573,2768"
12,"right",7,0.857142857142857,0.6,0.705882352941176,"1070,1526,1685,1866,2042,2563,2768"
12,"both",8,0.75,0.6,0.666666666666667,"1070,1526,1685,1866,2047,2428,2573,2768"
13,"right",7,1,0.7,0.823529411764706,"1070,1526,1685,1866,2047,2587,2767"
13,"both",8,0.75,0.6,0.666666666666667,"1070,1526,1685,1866,2047,2428,2578,2767"
14,"right",7,0.714285714285714,0.5,0.588235294117647,"1070,1526,1685,1866,2047,2398,2640"
14,"both",8,0.75,0.6,0.666666666666667,"1070,1526,1685,1866,2047,2428,2577,2768"
15,"right",6,0.833333333333333,0.5,0.625,"1070,1526,1685,1866,2047,2683"
15,"both",8,0.75,0.6,0.666666666666667,"1070,1526,1685,1866,2047,2430,2572,2776"
16,"right",6,0.666666666666667,0.4,0.5,"1070,1547,1685,1866,2040,2711"
16,"both",8,0.625,0.5,0.555555555555556,"1070,1547,1685,1866,2047,2428,2568,2768"
17,"right",7,0.857142857142857,0.6,0.705882352941176,"1070,1527,1685,1866,2036,2591,2767"
17,"both",8,0.75,0.6,0.666666666666667,"1070,1527,1685,1866,2047,2428,2579,2767"
18,"right",6,0.833333333333333,0.5,0.625,"1070,1526,1680,1866,2039,2673"
18,"both",8,0.625,0.5,0.555555555555556,"1070,1526,1680,1866,2047,2428,2575,2714"
19,"right",7,0.857142857142857,0.6,0.705882352941176,"1070,1526,1685,1866,2003,2590,2768"
19,"both",8,0.75,0.6,0.666666666666667,"1070,1526,1685,1866,2047,2428,2572,2768"
20,"right",6,0.833333333333333,0.5,0.625,"1070,1526,1685,1822,2591,2768"
20,"both",8,0.5,0.4,0.444444444444444,"1070,1526,1685,1910,1996,2428,2572,2768"
21,"right",7,0.857142857142857,0.6,0.705882352941176,"1070,1526,1685,1866,2047,2577,2768"
21,"both",8,0.75,0.6,0.666666666666667,"1070,1526,1685,1866,2047,2428,2574,2768"
22,"right",6,0.833333333333333,0.5,0.625,"1070,1526,1685,1866,2047,2699"
22,"both",8,0.625,0.5,0.555555555555556,"1070,1526,1685,1866,2047,2428,2572,2754"
23,"right",6,1,0.6,0.75,"1070,1675,1866,2047,2597,2769"
23,"both",7,0.714285714285714,0.5,0.588235294117647,"1070,1624,1866,2047,2428,2588,2769"
24,"right",6,0.666666666666667,0.4,0.5,"1070,1526,1685,1866,2030,2739"
24,"both",8,0.75,0.6,0.666666666666667,"1070,1526,1685,1866,2047,2425,2572,2769"
25,"right",6,0.833333333333333,0.5,0.625,"1070,1527,1685,1866,2038,2711"
25,"both",8,0.625,0.5,0.555555555555556,"1070,1527,1685,1866,2047,2428,2572,2742"
26,"right",6,0.666666666666667,0.4,0.5,"1070,1526,1685,1866,2004,2742"
26,"both",8,0.75,0.6,0.666666666666667,"1070,1526,1685,1866,2047,2423,2575,2768"
27,"right",6,0.833333333333333,0.5,0.625,"1070,1526,1685,1866,2047,2698"
27,"both",8,0.875,0.7,0.777777777777778,"1070,1526,1685,1866,2047,2428,2582,2768"
28,"right",7,0.857142857142857,0.6,0.705882352941176,"1070,1526,1685,1866,2047,2562,2768"
28,"both",8,0.75,0.6,0.666666666666667,"1070,1526,1685,1866,2047,2428,2579,2768"
29,"right",6,0.833333333333333,0.5,0.625,"1070,1526,1685,1866,2048,2724"
29,"both",8,0.75,0.6,0.666666666666667,"1070,1526,1685,1866,2047,2428,2572,2768"
30,"right",6,0.833333333333333,0.5,0.625,"1070,1526,1685,1866,2047,2710"
30,"both",8,0.625,0.5,0.555555555555556,"1070,1526,1685,1866,2047,2428,2572,2755"
31,"right",7,1,0.7,0.823529411764706,"1070,1526,1685,1866,2047,2591,2770"
31,"both",8,0.75,0.6,0.666666666666667,"1070,1526,1685,1866,2047,2428,2574,2770"
32,"right",7,0.857142857142857,0.6,0.705882352941176,"1070,1526,1685,1866,2039,2551,2758"
32,"both",8,0.75,0.6,0.666666666666667,"1070,1526,1685,1866,2047,2428,2575,2758"
33,"right",7,1,0.7,0.823529411764706,"1070,1525,1685,1866,2046,2592,2768"
33,"both",8,0.75,0.6,0.666666666666667,"1070,1525,1685,1866,2046,2428,2572,2768"
34,"right",7,1,0.7,0.823529411764706,"1070,1526,1685,1866,2047,2591,2768"
34,"both",8,0.75,0.6,0.666666666666667,"1070,1526,1685,1866,2047,2432,2572,2768"
35,"right",7,0.857142857142857,0.6,0.705882352941176,"1070,1526,1685,1866,1980,2594,2767"
35,"both",8,0.75,0.6,0.666666666666667,"1070,1526,1685,1866,2047,2422,2572,2767"
36,"right",6,0.833333333333333,0.5,0.625,"1070,1526,1685,1866,2047,2685"
36,"both",8,0.75,0.6,0.666666666666667,"1070,1526,1685,1866,2047,2428,2575,2769"
37,"right",6,0.666666666666667,0.4,0.5,"1070,1526,1685,1866,1997,2724"
37,"both",8,0.625,0.5,0.555555555555556,"1070,1526,1685,1866,1997,2428,2574,2769"
38,"right",7,0.857142857142857,0.6,0.705882352941176,"1070,1525,1685,1866,2034,2591,2769"
38,"both",8,0.75,0.6,0.666666666666667,"1070,1525,1685,1866,2047,2428,2572,2769"
39,"right",7,1,0.7,0.823529411764706,"1070,1528,1685,1866,2045,2591,2768"
39,"both",8,0.875,0.7,0.777777777777778,"1070,1528,1685,1866,2046,2428,2591,2768"
40,"right",7,1,0.7,0.823529411764706,"1070,1526,1685,1866,2047,2587,2769"
40,"both",8,0.75,0.6,0.666666666666667,"1070,1526,1685,1866,2047,2428,2576,2769"
41,"right",8,0.875,0.7,0.777777777777778,"1070,1526,1685,1866,2049,2397,2591,2768"
41,"both",8,0.75,0.6,0.666666666666667,"1070,1526,1685,1866,2047,2428,2577,2768"
42,"right",7,0.857142857142857,0.6,0.705882352941176,"1070,1526,1685,1866,2047,2548,2769"
42,"both",8,0.875,0.7,0.777777777777778,"1070,1526,1685,1866,2047,2409,2547,2769"
43,"right",7,0.857142857142857,0.6,0.705882352941176,"1070,1526,1685,1925,2039,2589,2768"
43,"both",8,0.75,0.6,0.666666666666667,"1070,1526,1685,1925,2047,2428,2591,2768"
44,"right",6,0.666666666666667,0.4,0.5,"1070,1599,1866,1981,2591,2768"
44,"both",8,0.75,0.6,0.666666666666667,"1070,1526,1685,1866,2047,2428,2580,2768"
45,"right",7,0.857142857142857,0.6,0.705882352941176,"1070,1571,1685,1866,2045,2587,2769"
45,"both",8,0.625,0.5,0.555555555555556,"1070,1571,1685,1866,2047,2428,2580,2768"
46,"right",6,0.833333333333333,0.5,0.625,"1070,1526,1685,1866,2047,2749"
46,"both",8,0.75,0.6,0.666666666666667,"1070,1526,1685,1866,2047,2428,2572,2764"
47,"right",7,0.857142857142857,0.6,0.705882352941176,"1070,1526,1685,1866,2045,2577,2768"
47,"both",8,0.75,0.6,0.666666666666667,"1070,1526,1685,1866,2047,2428,2576,2768"
48,"right",6,0.666666666666667,0.4,0.5,"1070,1614,1866,2030,2591,2768"
48,"both",9,0.444444444444444,0.4,0.421052631578947,"648,1070,1526,1627,1866,2030,2428,2572,2768"
49,"right",6,0.833333333333333,0.5,0.625,"1070,1526,1685,1866,2047,2697"
49,"both",8,0.625,0.5,0.555555555555556,"1070,1526,1685,1866,2047,2422,2572,2717"
50,"right",6,0.833333333333333,0.5,0.625,"1070,1526,1685,1866,2047,2696"
50,"both",8,0.75,0.6,0.666666666666667,"1070,1526,1685,1866,2047,2425,2576,2768"
51,"right",6,0.833333333333333,0.5,0.625,"1070,1526,1685,1866,2047,2705"
51,"both",8,0.75,0.6,0.666666666666667,"1070,1526,1685,1866,2047,2428,2574,2768"
52,"right",6,0.666666666666667,0.4,0.5,"1070,1526,1662,1866,2047,2710"
52,"both",8,0.625,0.5,0.555555555555556,"1070,1526,1662,1866,2047,2422,2573,2768"
53,"right",6,0.666666666666667,0.4,0.5,"1070,1526,1685,1866,2014,2685"
53,"both",8,0.625,0.5,0.555555555555556,"1070,1526,1685,1866,2047,2428,2574,2713"
54,"right",7,0.857142857142857,0.6,0.705882352941176,"1070,1526,1685,1866,2029,2460,2768"
54,"both",8,0.625,0.5,0.555555555555556,"1070,1526,1685,1866,2030,2428,2575,2768"
55,"right",7,1,0.7,0.823529411764706,"1070,1526,1685,1866,2047,2591,2768"
55,"both",8,1,0.8,0.888888888888889,"1070,1526,1685,1866,2047,2413,2586,2768"
56,"right",6,0.833333333333333,0.5,0.625,"1070,1526,1685,1866,2047,2720"
56,"both",8,0.75,0.6,0.666666666666667,"1070,1526,1685,1866,2047,2428,2578,2765"
57,"right",6,0.666666666666667,0.4,0.5,"1070,1590,1685,1866,2047,2709"
57,"both",8,0.625,0.5,0.555555555555556,"1070,1590,1685,1866,2047,2428,2572,2768"
58,"right",6,0.666666666666667,0.4,0.5,"1070,1525,1685,1866,1964,2681"
58,"both",8,0.625,0.5,0.555555555555556,"1070,1525,1685,1866,1983,2424,2572,2762"
59,"right",7,0.857142857142857,0.6,0.705882352941176,"1070,1526,1685,1866,2040,2573,2767"
59,"both",8,0.75,0.6,0.666666666666667,"1070,1526,1685,1866,2047,2428,2574,2767"
60,"right",6,0.666666666666667,0.4,0.5,"1070,1526,1685,1866,2010,2659"
60,"both",8,0.75,0.6,0.666666666666667,"1070,1526,1685,1866,2047,2428,2577,2768"
61,"right",6,0.833333333333333,0.5,0.625,"1070,1526,1685,1866,2047,2720"
61,"both",8,0.75,0.6,0.666666666666667,"1070,1526,1685,1866,2047,2429,2572,2768"
62,"right",6,0.833333333333333,0.5,0.625,"1070,1531,1685,1866,2045,2708"
62,"both",8,0.75,0.6,0.666666666666667,"1070,1531,1685,1866,2045,2428,2572,2768"
63,"right",7,0.857142857142857,0.6,0.705882352941176,"1070,1526,1685,1866,1969,2585,2768"
63,"both",8,0.75,0.6,0.666666666666667,"1070,1526,1685,1866,2047,2428,2576,2768"
64,"right",7,1,0.7,0.823529411764706,"1070,1526,1685,1866,2040,2591,2768"
64,"both",8,0.75,0.6,0.666666666666667,"1070,1526,1685,1866,2048,2428,2572,2768"
65,"right",6,0.666666666666667,0.4,0.5,"1070,1571,1685,1866,2047,2667"
65,"both",8,0.625,0.5,0.555555555555556,"1070,1571,1685,1866,2047,2428,2571,2775"
66,"right",6,0.666666666666667,0.4,0.5,"1070,1526,1685,1866,2036,2669"
66,"both",8,0.75,0.6,0.666666666666667,"1070,1526,1685,1866,2047,2428,2573,2768"
67,"right",6,1,0.6,0.75,"1070,1527,1685,1866,2046,2764"
67,"both",8,0.75,0.6,0.666666666666667,"1070,1527,1685,1866,2046,2428,2574,2768"
68,"right",7,1,0.7,0.823529411764706,"1070,1526,1685,1866,2047,2591,2768"
68,"both",8,0.75,0.6,0.666666666666667,"1070,1526,1685,1866,2047,2428,2573,2768"
69,"right",7,1,0.7,0.823529411764706,"1068,1526,1685,1866,2040,2589,2768"
69,"both",8,0.75,0.6,0.666666666666667,"1068,1526,1685,1866,2046,2428,2572,2768"
70,"right",6,0.333333333333333,0.2,0.25,"1070,1560,1685,1909,2024,2692"
70,"both",8,0.5,0.4,0.444444444444444,"1070,1560,1685,1909,2047,2428,2579,2768"
71,"right",6,0.666666666666667,0.4,0.5,"1070,1527,1685,1866,2031,2704"
71,"both",8,0.875,0.7,0.777777777777778,"1070,1527,1685,1866,2047,2409,2576,2768"
72,"right",7,1,0.7,0.823529411764706,"1070,1526,1685,1866,2047,2588,2768"
72,"both",8,0.75,0.6,0.666666666666667,"1070,1526,1685,1866,2047,2428,2574,2768"
73,"right",7,1,0.7,0.823529411764706,"1070,1526,1685,1866,2046,2585,2768"
73,"both",8,0.75,0.6,0.666666666666667,"1070,1526,1685,1866,2047,2428,2575,2768"
74,"right",7,0.857142857142857,0.6,0.705882352941176,"1070,1525,1685,1866,2019,2591,2768"
74,"both",8,0.75,0.6,0.666666666666667,"1070,1525,1685,1866,2047,2428,2576,2766"
75,"right",7,1,0.7,0.823529411764706,"1070,1526,1685,1866,2048,2591,2768"
75,"both",8,0.75,0.6,0.666666666666667,"1070,1526,1685,1866,2048,2428,2575,2768"
76,"right",7,0.714285714285714,0.5,0.588235294117647,"1070,1551,1685,1866,2047,2468,2752"
76,"both",8,0.75,0.6,0.666666666666667,"1070,1551,1685,1866,2047,2428,2589,2768"
77,"right",7,0.857142857142857,0.6,0.705882352941176,"1070,1526,1685,1866,2048,2575,2768"
77,"both",8,0.75,0.6,0.666666666666667,"1070,1526,1685,1866,2047,2428,2573,2768"
78,"right",6,0.833333333333333,0.5,0.625,"1070,1526,1685,1866,2047,2702"
78,"both",8,0.75,0.6,0.666666666666667,"1070,1526,1685,1866,2047,2428,2572,2761"
79,"right",7,0.857142857142857,0.6,0.705882352941176,"1070,1526,1685,1866,2043,2565,2768"
79,"both",8,0.75,0.6,0.666666666666667,"1070,1526,1685,1866,2047,2428,2573,2768"
80,"right",7,1,0.7,0.823529411764706,"1070,1526,1685,1866,2047,2591,2768"
80,"both",8,0.75,0.6,0.666666666666667,"1070,1526,1685,1866,2047,2428,2572,2768"
81,"right",7,0.571428571428571,0.4,0.470588235294118,"1070,1526,1667,1866,2047,2368,2678"
81,"both",8,0.625,0.5,0.555555555555556,"1070,1526,1667,1866,2047,2420,2583,2741"
82,"right",7,0.857142857142857,0.6,0.705882352941176,"1070,1527,1685,1866,2047,2558,2758"
82,"both",8,0.75,0.6,0.666666666666667,"1070,1527,1685,1866,2047,2428,2573,2764"
83,"right",7,1,0.7,0.823529411764706,"1070,1526,1685,1866,2047,2589,2768"
83,"both",8,0.75,0.6,0.666666666666667,"1070,1526,1685,1866,2047,2428,2574,2768"
84,"right",7,0.857142857142857,0.6,0.705882352941176,"1070,1525,1685,1866,2047,2565,2768"
84,"both",8,0.75,0.6,0.666666666666667,"1070,1525,1685,1866,2047,2428,2575,2768"
85,"right",6,0.666666666666667,0.4,0.5,"1070,1526,1685,1866,2031,2712"
85,"both",8,0.75,0.6,0.666666666666667,"1070,1526,1685,1866,2047,2428,2576,2768"
86,"right",7,0.857142857142857,0.6,0.705882352941176,"1070,1534,1685,1866,1979,2586,2768"
86,"both",8,0.75,0.6,0.666666666666667,"1070,1534,1685,1866,1995,2428,2585,2768"
87,"right",7,1,0.7,0.823529411764706,"1070,1526,1685,1867,2047,2591,2768"
87,"both",8,0.75,0.6,0.666666666666667,"1070,1526,1685,1867,2047,2428,2573,2768"
88,"right",7,0.857142857142857,0.6,0.705882352941176,"1070,1540,1685,1866,2047,2591,2768"
88,"both",8,0.625,0.5,0.555555555555556,"1070,1540,1685,1866,2047,2428,2572,2768"
89,"right",7,1,0.7,0.823529411764706,"1070,1526,1685,1866,2047,2591,2768"
89,"both",8,0.875,0.7,0.777777777777778,"1070,1526,1685,1866,2047,2428,2589,2768"
90,"right",7,0.857142857142857,0.6,0.705882352941176,"1070,1526,1685,1866,2045,2580,2769"
90,"both",8,0.75,0.6,0.666666666666667,"1070,1526,1685,1866,2047,2428,2572,2768"
91,"right",6,0.666666666666667,0.4,0.5,"1070,1526,1685,1866,2036,2730"
91,"both",8,0.75,0.6,0.666666666666667,"1070,1526,1685,1866,2047,2428,2574,2768"
92,"right",6,0.833333333333333,0.5,0.625,"1070,1526,1685,1866,2047,2715"
92,"both",8,0.625,0.5,0.555555555555556,"1070,1526,1685,1866,2047,2428,2577,2730"
93,"right",7,1,0.7,0.823529411764706,"1070,1526,1685,1866,2047,2591,2768"
93,"both",8,0.75,0.6,0.666666666666667,"1070,1526,1685,1866,2047,2428,2572,2768"
94,"right",7,1,0.7,0.823529411764706,"1070,1526,1685,1866,2047,2593,2768"
94,"both",8,0.75,0.6,0.666666666666667,"1070,1526,1685,1866,2047,2428,2576,2768"
95,"right",7,0.857142857142857,0.6,0.705882352941176,"1085,1525,1685,1866,2038,2591,2767"
95,"both",7,0.714285714285714,0.5,0.588235294117647,"1085,1525,1685,1866,2038,2575,2767"
96,"right",7,1,0.7,0.823529411764706,"1069,1526,1685,1866,2047,2591,2768"
96,"both",8,0.75,0.6,0.666666666666667,"1069,1526,1685,1866,2047,2428,2573,2768"
97,"right",7,0.857142857142857,0.6,0.705882352941176,"1070,1526,1685,1866,2016,2589,2769"
97,"both",8,0.75,0.6,0.666666666666667,"1070,1526,1685,1866,2047,2428,2572,2768"
98,"right",7,0.857142857142857,0.6,0.705882352941176,"1070,1526,1685,1866,2047,2558,2768"
98,"both",8,0.75,0.6,0.666666666666667,"1070,1526,1685,1866,2047,2418,2576,2843"
99,"right",7,0.857142857142857,0.6,0.705882352941176,"1070,1526,1685,1866,2044,2576,2768"
99,"both",8,0.75,0.6,0.666666666666667,"1070,1526,1685,1866,2044,2428,2575,2768"
100,"right",7,1,0.7,0.823529411764706,"1070,1526,1685,1866,2047,2591,2758"
100,"both",8,0.75,0.6,0.666666666666667,"1070,1526,1685,1866,2047,2428,2574,2758"
101,"right",7,0.857142857142857,0.6,0.705882352941176,"1070,1526,1685,1890,2047,2592,2769"
101,"both",8,0.625,0.5,0.555555555555556,"1070,1526,1685,1890,2047,2428,2572,2769"
102,"right",7,0.714285714285714,0.5,0.588235294117647,"1070,1526,1685,1866,2047,2550,2744"
102,"both",8,0.625,0.5,0.555555555555556,"1070,1526,1685,1866,2047,2428,2575,2747"
103,"right",6,0.833333333333333,0.5,0.625,"1070,1526,1685,1882,2047,2768"
103,"both",8,0.75,0.6,0.666666666666667,"1070,1526,1685,1882,2047,2416,2573,2768"
104,"right",6,0.833333333333333,0.5,0.625,"1070,1526,1685,1866,2047,2719"
104,"both",8,0.625,0.5,0.555555555555556,"1070,1526,1685,1866,2047,2428,2576,2722"
105,"right",7,1,0.7,0.823529411764706,"1070,1526,1685,1866,2047,2591,2768"
105,"both",8,0.75,0.6,0.666666666666667,"1070,1526,1685,1866,2047,2422,2575,2768"
106,"right",6,0.833333333333333,0.5,0.625,"1070,1526,1685,1866,2047,2715"
106,"both",8,0.75,0.6,0.666666666666667,"1070,1526,1685,1866,2047,2428,2572,2768"
107,"right",6,0.666666666666667,0.4,0.5,"1070,1540,1685,1866,2047,2730"
107,"both",8,0.625,0.5,0.555555555555556,"1070,1540,1685,1866,2047,2425,2572,2768"
108,"right",6,0.833333333333333,0.5,0.625,"1070,1525,1685,1866,2030,2768"
108,"both",8,0.625,0.5,0.555555555555556,"1070,1525,1685,1866,2030,2428,2576,2768"
109,"right",7,1,0.7,0.823529411764706,"1070,1526,1685,1866,2047,2591,2768"
109,"both",8,0.875,0.7,0.777777777777778,"1070,1526,1685,1866,2047,2428,2582,2768"
110,"right",7,0.714285714285714,0.5,0.588235294117647,"1074,1526,1685,1879,2046,2458,2769"
110,"both",8,0.625,0.5,0.555555555555556,"1074,1526,1685,1879,2047,2428,2572,2769"
111,"right",7,1,0.7,0.823529411764706,"1070,1526,1685,1866,2047,2593,2768"
111,"both",8,0.75,0.6,0.666666666666667,"1070,1526,1685,1866,2047,2428,2572,2768"
112,"right",7,0.857142857142857,0.6,0.705882352941176,"1070,1526,1685,1866,2047,2572,2768"
112,"both",8,0.75,0.6,0.666666666666667,"1070,1526,1685,1866,2047,2428,2572,2768"
113,"right",6,0.666666666666667,0.4,0.5,"1070,1526,1685,1866,2029,2708"
113,"both",8,0.75,0.6,0.666666666666667,"1070,1526,1685,1866,2047,2428,2572,2768"
114,"right",7,1,0.7,0.823529411764706,"1070,1526,1685,1866,2047,2591,2766"
114,"both",8,0.75,0.6,0.666666666666667,"1070,1526,1685,1866,2047,2428,2575,2766"
115,"right",7,1,0.7,0.823529411764706,"1070,1526,1685,1866,2047,2590,2768"
115,"both",8,0.75,0.6,0.666666666666667,"1070,1526,1685,1866,2047,2428,2576,2768"
116,"right",6,0.833333333333333,0.5,0.625,"1070,1526,1685,1866,2047,2724"
116,"both",8,0.75,0.6,0.666666666666667,"1070,1526,1685,1866,2047,2428,2573,2768"
117,"right",6,0.666666666666667,0.4,0.5,"1070,1526,1685,1866,2022,2705"
117,"both",8,0.75,0.6,0.666666666666667,"1070,1526,1685,1866,2047,2428,2572,2767"
118,"right",7,1,0.7,0.823529411764706,"1070,1526,1685,1876,2046,2590,2768"
118,"both",8,0.75,0.6,0.666666666666667,"1070,1526,1685,1876,2047,2428,2573,2768"
119,"right",7,1,0.7,0.823529411764706,"1070,1526,1685,1866,2038,2591,2768"
119,"both",8,0.75,0.6,0.666666666666667,"1070,1526,1685,1866,2039,2428,2575,2768"
120,"right",6,0.833333333333333,0.5,0.625,"1070,1528,1685,1866,2047,2723"
120,"both",8,0.75,0.6,0.666666666666667,"1070,1528,1685,1866,2047,2428,2572,2767"
121,"right",6,0.833333333333333,0.5,0.625,"1070,1526,1685,1866,2047,2707"
121,"both",7,0.714285714285714,0.5,0.588235294117647,"1070,1526,1685,1866,2047,2576,2707"
122,"right",7,1,0.7,0.823529411764706,"1070,1530,1685,1866,2045,2595,2765"
122,"both",8,0.875,0.7,0.777777777777778,"1070,1530,1685,1866,2047,2428,2592,2765"
123,"right",6,0.666666666666667,0.4,0.5,"1070,1526,1670,1866,2048,2727"
123,"both",8,0.75,0.6,0.666666666666667,"1070,1526,1670,1866,2047,2428,2583,2768"
124,"right",7,1,0.7,0.823529411764706,"1070,1526,1685,1866,2047,2591,2769"
124,"both",8,0.75,0.6,0.666666666666667,"1070,1526,1685,1866,2047,2428,2572,2769"
125,"right",6,0.666666666666667,0.4,0.5,"1070,1526,1685,1866,2013,2694"
125,"both",8,0.875,0.7,0.777777777777778,"1070,1526,1685,1866,2047,2428,2582,2768"
126,"right",7,1,0.7,0.823529411764706,"1070,1526,1685,1866,2047,2590,2768"
126,"both",8,0.75,0.6,0.666666666666667,"1070,1526,1685,1866,2047,2428,2577,2768"
127,"right",8,0.875,0.7,0.777777777777778,"1070,1526,1685,1866,2047,2398,2591,2768"
127,"both",8,0.75,0.6,0.666666666666667,"1070,1526,1685,1866,2047,2428,2572,2768"
128,"right",7,1,0.7,0.823529411764706,"1070,1526,1685,1866,2041,2591,2768"
128,"both",8,0.875,0.7,0.777777777777778,"1070,1526,1685,1866,2047,2429,2582,2768"
129,"right",7,0.857142857142857,0.6,0.705882352941176,"1070,1526,1685,1866,2024,2591,2768"
129,"both",8,0.625,0.5,0.555555555555556,"1070,1526,1685,1866,2024,2428,2577,2768"
130,"right",7,0.714285714285714,0.5,0.588235294117647,"1070,1526,1683,1866,2047,2577,2721"
130,"both",8,0.625,0.5,0.555555555555556,"1070,1526,1683,1866,2047,2428,2577,2721"
131,"right",6,0.833333333333333,0.5,0.625,"1070,1526,1685,1866,2047,2737"
131,"both",8,0.625,0.5,0.555555555555556,"1070,1526,1685,1866,2047,2428,2572,2753"
132,"right",7,0.857142857142857,0.6,0.705882352941176,"1070,1526,1685,1866,2044,2557,2764"
132,"both",8,0.75,0.6,0.666666666666667,"1070,1526,1685,1866,2047,2428,2572,2764"
133,"right",6,0.833333333333333,0.5,0.625,"1070,1526,1685,1866,2047,2738"
133,"both",8,0.75,0.6,0.666666666666667,"1070,1526,1685,1866,2047,2428,2572,2768"
134,"right",7,0.857142857142857,0.6,0.705882352941176,"1070,1527,1685,1866,1994,2587,2765"
134,"both",8,0.75,0.6,0.666666666666667,"1070,1527,1685,1866,2047,2428,2572,2765"
135,"right",6,0.833333333333333,0.5,0.625,"1070,1526,1685,1866,2047,2720"
135,"both",8,0.75,0.6,0.666666666666667,"1070,1526,1685,1866,2047,2428,2572,2767"
136,"right",6,0.833333333333333,0.5,0.625,"1070,1525,1685,1866,2042,2730"
136,"both",8,0.75,0.6,0.666666666666667,"1070,1525,1685,1866,2047,2424,2577,2768"
137,"right",7,0.857142857142857,0.6,0.705882352941176,"1070,1526,1685,1866,2048,2565,2768"
137,"both",8,0.75,0.6,0.666666666666667,"1070,1526,1685,1866,2047,2428,2571,2768"
138,"right",7,0.857142857142857,0.6,0.705882352941176,"1070,1526,1685,1866,2047,2594,2787"
138,"both",8,0.875,0.7,0.777777777777778,"1070,1526,1685,1866,2047,2413,2576,2772"
139,"right",6,0.833333333333333,0.5,0.625,"1070,1526,1685,1866,2047,2694"
139,"both",8,0.625,0.5,0.555555555555556,"1070,1526,1685,1866,2047,2428,2575,2708"
140,"right",6,0.833333333333333,0.5,0.625,"1070,1526,1685,1866,2037,2718"
140,"both",7,0.714285714285714,0.5,0.588235294117647,"1070,1526,1685,1866,2036,2572,2767"
141,"right",7,0.857142857142857,0.6,0.705882352941176,"1070,1526,1685,1889,2047,2591,2765"
141,"both",8,0.625,0.5,0.555555555555556,"1070,1526,1685,1889,2047,2421,2571,2765"
142,"right",7,1,0.7,0.823529411764706,"1070,1526,1685,1866,2047,2590,2768"
142,"both",8,0.875,0.7,0.777777777777778,"1070,1526,1685,1866,2047,2419,2575,2768"
143,"right",7,1,0.7,0.823529411764706,"1070,1526,1685,1866,2047,2591,2768"
143,"both",8,0.75,0.6,0.666666666666667,"1070,1526,1685,1866,2047,2428,2572,2768"
144,"right",7,0.857142857142857,0.6,0.705882352941176,"1070,1526,1685,1866,2047,2572,2766"
144,"both",8,0.75,0.6,0.666666666666667,"1070,1526,1685,1866,2047,2428,2577,2766"
145,"right",7,0.714285714285714,0.5,0.588235294117647,"1070,1526,1685,1866,2020,2589,2836"
145,"both",8,0.5,0.4,0.444444444444444,"1070,1526,1685,1866,2020,2428,2573,2836"
146,"right",7,0.714285714285714,0.5,0.588235294117647,"1070,1525,1685,1934,2045,2588,2782"
146,"both",8,0.5,0.4,0.444444444444444,"1070,1525,1685,1934,2047,2426,2576,2782"
147,"right",7,1,0.7,0.823529411764706,"1070,1525,1685,1866,2047,2581,2768"
147,"both",8,0.75,0.6,0.666666666666667,"1070,1525,1685,1866,2047,2428,2572,2768"
148,"right",7,0.857142857142857,0.6,0.705882352941176,"1070,1526,1685,1866,2045,2574,2768"
148,"both",8,0.75,0.6,0.666666666666667,"1070,1526,1685,1866,2047,2428,2573,2768"
149,"right",6,0.666666666666667,0.4,0.5,"1070,1555,1685,1866,2047,2705"
149,"both",8,0.625,0.5,0.555555555555556,"1070,1555,1685,1866,2047,2428,2572,2765"
150,"right",7,0.857142857142857,0.6,0.705882352941176,"1070,1526,1685,1866,2010,2589,2768"
150,"both",8,0.75,0.6,0.666666666666667,"1070,1526,1685,1866,2047,2428,2575,2768"
151,"right",6,0.666666666666667,0.4,0.5,"1070,1526,1685,1866,2031,2732"
151,"both",8,0.875,0.7,0.777777777777778,"1070,1526,1685,1866,2047,2428,2584,2769"
152,"right",7,1,0.7,0.823529411764706,"1070,1528,1685,1866,2047,2591,2766"
152,"both",8,0.875,0.7,0.777777777777778,"1070,1528,1685,1866,2047,2428,2581,2766"
153,"right",5,0.6,0.3,0.4,"1070,1646,1866,2045,2718"
153,"both",9,0.555555555555556,0.5,0.526315789473684,"1070,1206,1575,1685,1866,2047,2428,2573,2768"
154,"right",7,0.571428571428571,0.4,0.470588235294118,"1109,1526,1685,1866,2036,2591,2906"
154,"both",8,0.375,0.3,0.333333333333333,"1109,1526,1685,1866,2036,2428,2573,2905"
155,"right",6,1,0.6,0.75,"1070,1526,1685,1866,2047,2767"
155,"both",8,0.75,0.6,0.666666666666667,"1070,1526,1685,1866,2047,2428,2572,2768"
156,"right",7,1,0.7,0.823529411764706,"1070,1526,1685,1866,2047,2591,2765"
156,"both",8,0.75,0.6,0.666666666666667,"1070,1526,1685,1866,2047,2428,2572,2765"
157,"right",6,0.833333333333333,0.5,0.625,"1070,1526,1685,1866,2047,2727"
157,"both",8,0.75,0.6,0.666666666666667,"1070,1526,1685,1866,2047,2428,2572,2768"
158,"right",7,1,0.7,0.823529411764706,"1070,1526,1685,1866,2047,2591,2768"
158,"both",8,0.75,0.6,0.666666666666667,"1070,1526,1685,1866,2047,2428,2572,2768"
159,"right",7,1,0.7,0.823529411764706,"1070,1529,1685,1866,2047,2591,2768"
159,"both",8,0.75,0.6,0.666666666666667,"1070,1529,1685,1866,2047,2428,2571,2768"
160,"right",7,0.857142857142857,0.6,0.705882352941176,"1070,1526,1685,1877,2048,2585,2768"
160,"both",8,0.625,0.5,0.555555555555556,"1070,1526,1685,1877,2047,2428,2575,2768"
161,"right",7,0.857142857142857,0.6,0.705882352941176,"1070,1526,1685,1941,2046,2592,2771"
161,"both",8,0.75,0.6,0.666666666666667,"1070,1526,1685,1866,2047,2428,2572,2768"
162,"right",6,0.833333333333333,0.5,0.625,"1070,1526,1685,1866,2047,2706"
162,"both",8,0.75,0.6,0.666666666666667,"1070,1526,1685,1866,2047,2428,2578,2774"
163,"right",7,0.857142857142857,0.6,0.705882352941176,"1070,1526,1685,1866,2047,2572,2768"
163,"both",8,0.875,0.7,0.777777777777778,"1070,1526,1685,1866,2047,2428,2581,2768"
164,"right",7,0.714285714285714,0.5,0.588235294117647,"1070,1526,1685,1866,2036,2575,2768"
164,"both",8,0.75,0.6,0.666666666666667,"1070,1526,1685,1866,2047,2428,2577,2768"
165,"right",7,1,0.7,0.823529411764706,"1070,1526,1685,1866,2047,2590,2768"
165,"both",8,0.75,0.6,0.666666666666667,"1070,1526,1685,1866,2047,2428,2578,2768"
166,"right",6,0.666666666666667,0.4,0.5,"1070,1526,1685,1866,2021,2750"
166,"both",8,0.75,0.6,0.666666666666667,"1070,1526,1685,1866,2047,2428,2574,2765"
167,"right",7,0.714285714285714,0.5,0.588235294117647,"1070,1526,1666,1866,2047,2566,2768"
167,"both",8,0.625,0.5,0.555555555555556,"1070,1526,1666,1866,2047,2428,2566,2768"
168,"right",6,0.666666666666667,0.4,0.5,"1070,1526,1685,1866,2029,2737"
168,"both",8,0.75,0.6,0.666666666666667,"1070,1526,1685,1866,2047,2428,2572,2768"
169,"right",7,0.857142857142857,0.6,0.705882352941176,"1070,1526,1685,1883,2047,2582,2768"
169,"both",8,0.75,0.6,0.666666666666667,"1070,1526,1685,1883,2047,2428,2582,2768"
170,"right",7,0.857142857142857,0.6,0.705882352941176,"1070,1526,1685,1866,2033,2586,2768"
170,"both",8,0.75,0.6,0.666666666666667,"1070,1526,1685,1866,2047,2428,2572,2768"
171,"right",6,0.833333333333333,0.5,0.625,"1070,1526,1682,1866,2047,2725"
171,"both",8,0.75,0.6,0.666666666666667,"1070,1526,1682,1866,2047,2427,2572,2768"
172,"right",6,0.666666666666667,0.4,0.5,"1070,1526,1685,1866,1989,2739"
172,"both",8,0.75,0.6,0.666666666666667,"1070,1526,1685,1866,2047,2428,2575,2768"
173,"right",7,1,0.7,0.823529411764706,"1070,1526,1685,1866,2048,2585,2775"
173,"both",8,0.75,0.6,0.666666666666667,"1070,1526,1685,1866,2047,2428,2572,2775"
174,"right",6,0.666666666666667,0.4,0.5,"1070,1567,1685,1866,2047,2706"
174,"both",8,0.625,0.5,0.555555555555556,"1070,1567,1685,1866,2047,2428,2575,2766"
175,"right",6,0.666666666666667,0.4,0.5,"1070,1526,1685,1866,2099,2709"
175,"both",8,0.75,0.6,0.666666666666667,"1070,1526,1685,1866,2047,2428,2571,2768"
176,"right",7,0.857142857142857,0.6,0.705882352941176,"1070,1526,1680,1866,2041,2578,2768"
176,"both",8,0.75,0.6,0.666666666666667,"1070,1526,1680,1866,2042,2428,2573,2768"
177,"right",6,0.666666666666667,0.4,0.5,"1070,1526,1685,1866,2023,2736"
177,"both",8,0.625,0.5,0.555555555555556,"1070,1526,1685,1866,2047,2428,2573,2736"
178,"right",7,0.857142857142857,0.6,0.705882352941176,"1071,1524,1685,1866,2048,2565,2768"
178,"both",8,0.75,0.6,0.666666666666667,"1071,1524,1685,1866,2047,2428,2577,2768"
179,"right",6,0.666666666666667,0.4,0.5,"1070,1534,1685,1866,2001,2712"
179,"both",8,0.875,0.7,0.777777777777778,"1070,1534,1685,1866,2001,2411,2582,2768"
180,"right",7,0.571428571428571,0.4,0.470588235294118,"1070,1526,1674,1866,1992,2565,2768"
180,"both",8,0.625,0.5,0.555555555555556,"1070,1526,1674,1866,2047,2428,2573,2768"
181,"right",6,0.833333333333333,0.5,0.625,"1070,1526,1685,1866,2037,2721"
181,"both",8,0.75,0.6,0.666666666666667,"1070,1526,1685,1866,2047,2428,2573,2768"
182,"right",6,0.833333333333333,0.5,0.625,"1070,1526,1685,1866,2047,2744"
182,"both",8,0.625,0.5,0.555555555555556,"1070,1526,1685,1866,2047,2428,2576,2744"
183,"right",5,0.8,0.4,0.533333333333333,"1070,1599,1866,2047,2765"
183,"both",7,0.857142857142857,0.6,0.705882352941176,"1070,1526,1685,1866,2047,2450,2768"
184,"right",7,0.857142857142857,0.6,0.705882352941176,"1070,1526,1685,1916,2047,2586,2768"
184,"both",8,0.875,0.7,0.777777777777778,"1070,1526,1685,1916,2047,2409,2469,2768"
185,"right",6,1,0.6,0.75,"1070,1526,1685,1866,2047,2764"
185,"both",8,0.75,0.6,0.666666666666667,"1070,1526,1685,1866,2047,2428,2575,2768"
186,"right",6,0.666666666666667,0.4,0.5,"1070,1526,1685,1866,2023,2725"
186,"both",8,0.75,0.6,0.666666666666667,"1070,1526,1685,1866,2037,2428,2572,2762"
187,"right",6,0.833333333333333,0.5,0.625,"1070,1538,1685,1866,2047,2768"
187,"both",8,0.625,0.5,0.555555555555556,"1070,1538,1685,1866,2047,2428,2572,2768"
188,"right",7,0.857142857142857,0.6,0.705882352941176,"1070,1575,1685,1866,2043,2594,2765"
188,"both",8,0.625,0.5,0.555555555555556,"1070,1575,1685,1866,2047,2428,2577,2765"
189,"right",7,1,0.7,0.823529411764706,"1070,1525,1685,1866,2044,2591,2765"
189,"both",8,0.75,0.6,0.666666666666667,"1070,1525,1685,1866,2047,2428,2573,2765"
190,"right",6,0.666666666666667,0.4,0.5,"1070,1526,1685,1890,2047,2757"
190,"both",8,0.625,0.5,0.555555555555556,"1070,1526,1685,1890,2047,2428,2576,2766"
191,"right",6,0.833333333333333,0.5,0.625,"1070,1526,1685,1866,2047,2718"
191,"both",8,0.625,0.5,0.555555555555556,"1070,1526,1685,1866,2047,2428,2572,2718"
192,"right",7,0.857142857142857,0.6,0.705882352941176,"1070,1525,1685,1866,2047,2562,2768"
192,"both",8,0.75,0.6,0.666666666666667,"1070,1525,1685,1866,2047,2428,2573,2768"
193,"right",7,0.714285714285714,0.5,0.588235294117647,"1070,1526,1680,1886,2010,2589,2769"
193,"both",8,0.625,0.5,0.555555555555556,"1070,1526,1680,1886,2010,2409,2580,2769"
194,"right",5,0.8,0.4,0.533333333333333,"1070,1648,1866,2047,2764"
194,"both",8,0.625,0.5,0.555555555555556,"1070,1575,1685,1866,2047,2428,2574,2768"
195,"right",7,0.857142857142857,0.6,0.705882352941176,"1070,1528,1685,1866,2047,2590,2792"
195,"both",8,0.75,0.6,0.666666666666667,"1070,1528,1685,1866,2051,2428,2572,2771"
196,"right",7,1,0.7,0.823529411764706,"1070,1524,1685,1866,2047,2591,2769"
196,"both",8,0.75,0.6,0.666666666666667,"1070,1524,1685,1866,2047,2428,2574,2769"
197,"right",6,0.833333333333333,0.5,0.625,"1070,1526,1685,1866,2047,2729"
197,"both",8,0.75,0.6,0.666666666666667,"1070,1526,1685,1866,2047,2428,2573,2767"
198,"right",6,0.833333333333333,0.5,0.625,"1070,1526,1685,1866,2047,2709"
198,"both",8,0.625,0.5,0.555555555555556,"1070,1526,1685,1866,2047,2428,2574,2712"
199,"right",6,0.5,0.3,0.375,"1070,1564,1685,1866,2070,2731"
199,"both",8,0.625,0.5,0.555555555555556,"1070,1564,1685,1866,2047,2428,2578,2768"
200,"right",7,0.857142857142857,0.6,0.705882352941176,"1070,1525,1685,1866,2047,2591,2784"
200,"both",8,0.625,0.5,0.555555555555556,"1070,1525,1685,1866,2047,2425,2572,2781"
201,"right",7,0.857142857142857,0.6,0.705882352941176,"1070,1526,1685,1866,2047,2554,2765"
201,"both",8,0.75,0.6,0.666666666666667,"1070,1526,1685,1866,2047,2428,2575,2768"
202,"right",6,0.666666666666667,0.4,0.5,"1070,1525,1685,1866,2032,2733"
202,"both",8,0.875,0.7,0.777777777777778,"1070,1525,1685,1866,2047,2428,2591,2768"
203,"right",6,0.833333333333333,0.5,0.625,"1070,1526,1685,1866,2047,2673"
203,"both",8,0.75,0.6,0.666666666666667,"1070,1526,1685,1866,2047,2428,2574,2762"
204,"right",7,0.857142857142857,0.6,0.705882352941176,"1070,1526,1685,1866,2030,2591,2768"
204,"both",8,0.75,0.6,0.666666666666667,"1070,1526,1685,1866,2047,2428,2574,2768"
205,"right",6,0.833333333333333,0.5,0.625,"1070,1526,1685,1866,2047,2729"
205,"both",8,0.75,0.6,0.666666666666667,"1070,1526,1685,1866,2047,2428,2572,2768"
206,"right",7,0.857142857142857,0.6,0.705882352941176,"1070,1526,1685,1866,2047,2576,2768"
206,"both",8,0.75,0.6,0.666666666666667,"1070,1526,1685,1866,2047,2428,2578,2768"
207,"right",7,1,0.7,0.823529411764706,"1070,1526,1685,1866,2047,2591,2768"
207,"both",8,0.875,0.7,0.777777777777778,"1070,1526,1685,1866,2047,2428,2584,2768"
208,"right",7,1,0.7,0.823529411764706,"1070,1526,1685,1866,2047,2591,2768"
208,"both",8,0.75,0.6,0.666666666666667,"1070,1526,1685,1866,2047,2428,2572,2768"
209,"right",7,1,0.7,0.823529411764706,"1070,1526,1685,1866,2047,2591,2774"
209,"both",8,0.75,0.6,0.666666666666667,"1070,1526,1685,1866,2047,2422,2577,2768"
210,"right",7,0.857142857142857,0.6,0.705882352941176,"1070,1569,1685,1866,2039,2592,2772"
210,"both",8,0.625,0.5,0.555555555555556,"1070,1569,1685,1866,2047,2428,2572,2768"
211,"right",7,0.857142857142857,0.6,0.705882352941176,"1070,1526,1684,1866,2047,2569,2767"
211,"both",8,0.875,0.7,0.777777777777778,"1070,1526,1684,1866,2047,2428,2581,2767"
212,"right",7,0.857142857142857,0.6,0.705882352941176,"1070,1526,1685,1866,2046,2575,2765"
212,"both",8,0.75,0.6,0.666666666666667,"1070,1526,1685,1866,2047,2428,2576,2765"
213,"right",7,1,0.7,0.823529411764706,"1070,1526,1684,1866,2047,2589,2768"
213,"both",8,0.75,0.6,0.666666666666667,"1070,1526,1684,1866,2047,2428,2577,2767"
214,"right",7,0.714285714285714,0.5,0.588235294117647,"1120,1526,1685,1866,2047,2558,2768"
214,"both",8,0.625,0.5,0.555555555555556,"1120,1526,1685,1866,2047,2428,2573,2768"
215,"right",7,0.714285714285714,0.5,0.588235294117647,"1096,1526,1685,1923,2047,2591,2768"
215,"both",7,0.571428571428571,0.4,0.470588235294118,"1096,1526,1685,1923,2047,2573,2768"
216,"right",6,0.666666666666667,0.4,0.5,"1070,1526,1685,1866,2027,2737"
216,"both",8,0.75,0.6,0.666666666666667,"1070,1526,1685,1866,2047,2428,2573,2768"
217,"right",6,0.833333333333333,0.5,0.625,"1070,1526,1685,1866,2026,2768"
217,"both",8,0.75,0.6,0.666666666666667,"1070,1526,1685,1866,2047,2428,2572,2768"
218,"right",7,1,0.7,0.823529411764706,"1070,1526,1685,1866,2047,2593,2769"
218,"both",8,0.875,0.7,0.777777777777778,"1070,1526,1685,1866,2048,2428,2591,2769"
219,"right",7,0.714285714285714,0.5,0.588235294117647,"1137,1526,1685,1866,2046,2555,2768"
219,"both",9,0.666666666666667,0.6,0.631578947368421,"1070,1526,1685,1866,2047,2428,2572,2768,3238"
220,"right",6,1,0.6,0.75,"1070,1526,1685,1866,2047,2768"
220,"both",8,0.75,0.6,0.666666666666667,"1070,1526,1685,1866,2047,2428,2572,2768"
221,"right",7,1,0.7,0.823529411764706,"1070,1525,1685,1866,2047,2592,2768"
221,"both",8,0.75,0.6,0.666666666666667,"1070,1525,1685,1866,2047,2428,2572,2768"
222,"right",7,0.857142857142857,0.6,0.705882352941176,"1070,1526,1685,1866,2047,2570,2768"
222,"both",8,0.75,0.6,0.666666666666667,"1070,1526,1685,1866,2047,2428,2578,2768"
223,"right",6,0.833333333333333,0.5,0.625,"1070,1524,1685,1866,2047,2748"
223,"both",8,0.75,0.6,0.666666666666667,"1070,1524,1685,1866,2047,2428,2573,2768"
224,"right",7,0.857142857142857,0.6,0.705882352941176,"1070,1525,1685,1866,2047,2577,2768"
224,"both",8,0.75,0.6,0.666666666666667,"1070,1525,1685,1866,2047,2425,2577,2768"
225,"right",7,1,0.7,0.823529411764706,"1070,1526,1685,1866,2048,2585,2766"
225,"both",8,0.75,0.6,0.666666666666667,"1070,1526,1685,1866,2047,2430,2572,2766"
226,"right",7,0.857142857142857,0.6,0.705882352941176,"1070,1526,1685,1866,2047,2576,2768"
226,"both",8,0.75,0.6,0.666666666666667,"1070,1526,1685,1866,2047,2428,2571,2768"
227,"right",7,1,0.7,0.823529411764706,"1070,1526,1685,1866,2047,2591,2768"
227,"both",8,0.75,0.6,0.666666666666667,"1070,1526,1685,1866,2047,2428,2575,2768"
228,"right",7,0.857142857142857,0.6,0.705882352941176,"1070,1526,1685,1866,2003,2582,2768"
228,"both",8,0.75,0.6,0.666666666666667,"1070,1526,1685,1866,2047,2428,2574,2768"
229,"right",7,0.857142857142857,0.6,0.705882352941176,"1114,1526,1685,1866,2046,2591,2768"
229,"both",8,0.625,0.5,0.555555555555556,"1114,1526,1685,1866,2047,2428,2573,2768"
230,"right",6,0.833333333333333,0.5,0.625,"1070,1526,1685,1866,2047,2689"
230,"both",8,0.625,0.5,0.555555555555556,"1070,1526,1685,1866,2047,2428,2572,2736"
231,"right",6,0.666666666666667,0.4,0.5,"1070,1526,1685,1866,2015,2711"
231,"both",8,0.625,0.5,0.555555555555556,"1070,1526,1685,1866,2047,2428,2574,2714"
232,"right",6,0.666666666666667,0.4,0.5,"1081,1526,1685,1866,2047,2679"
232,"both",8,0.5,0.4,0.444444444444444,"1081,1526,1685,1866,2047,2428,2573,2735"
233,"right",7,0.857142857142857,0.6,0.705882352941176,"1070,1540,1685,1866,2047,2591,2769"
233,"both",8,0.75,0.6,0.666666666666667,"1070,1540,1685,1866,2047,2428,2591,2769"
234,"right",6,0.833333333333333,0.5,0.625,"1070,1526,1685,1866,2047,2701"
234,"both",8,0.75,0.6,0.666666666666667,"1070,1526,1685,1866,2047,2428,2572,2765"
235,"right",7,1,0.7,0.823529411764706,"1070,1526,1685,1866,2047,2590,2768"
235,"both",7,0.857142857142857,0.6,0.705882352941176,"1070,1526,1685,1866,2047,2567,2768"
236,"right",6,0.5,0.3,0.375,"1085,1526,1685,1866,2083,2715"
236,"both",8,0.625,0.5,0.555555555555556,"1085,1526,1685,1866,2047,2428,2573,2768"
237,"right",6,0.833333333333333,0.5,0.625,"1070,1526,1685,1866,2047,2716"
237,"both",8,0.75,0.6,0.666666666666667,"1070,1526,1685,1866,2047,2428,2572,2768"
238,"right",7,1,0.7,0.823529411764706,"1070,1527,1685,1866,2047,2591,2768"
238,"both",8,0.75,0.6,0.666666666666667,"1070,1527,1685,1866,2047,2428,2576,2768"
239,"right",6,0.833333333333333,0.5,0.625,"1070,1526,1685,1866,2047,2717"
239,"both",8,0.75,0.6,0.666666666666667,"1070,1526,1685,1866,2047,2428,2572,2768"
240,"right",7,0.714285714285714,0.5,0.588235294117647,"1070,1526,1685,1866,2047,2433,2725"
240,"both",8,0.75,0.6,0.666666666666667,"1070,1526,1685,1866,2047,2428,2573,2765"
241,"right",7,0.714285714285714,0.5,0.588235294117647,"1070,1546,1685,1866,2048,2575,2768"
241,"both",8,0.625,0.5,0.555555555555556,"1070,1546,1685,1866,2047,2428,2579,2768"
242,"right",6,0.833333333333333,0.5,0.625,"1070,1526,1685,1866,2043,2736"
242,"both",8,0.75,0.6,0.666666666666667,"1070,1526,1685,1866,2043,2428,2579,2767"
243,"right",7,0.857142857142857,0.6,0.705882352941176,"1070,1526,1685,1866,2046,2554,2768"
243,"both",8,0.75,0.6,0.666666666666667,"1070,1526,1685,1866,2046,2428,2573,2768"
244,"right",7,0.428571428571429,0.3,0.352941176470588,"1070,1548,1685,1866,2029,2576,2733"
244,"both",8,0.375,0.3,0.333333333333333,"1070,1548,1685,1866,2030,2428,2575,2733"
245,"right",7,0.714285714285714,0.5,0.588235294117647,"1115,1526,1685,1866,2047,2591,2756"
245,"both",8,0.5,0.4,0.444444444444444,"1115,1526,1685,1866,2047,2428,2573,2756"
246,"right",7,0.714285714285714,0.5,0.588235294117647,"1070,1526,1685,1925,2048,2559,2768"
246,"both",8,0.75,0.6,0.666666666666667,"1070,1526,1685,1866,2049,2428,2575,2768"
247,"right",7,1,0.7,0.823529411764706,"1070,1525,1685,1866,2047,2594,2768"
247,"both",8,0.75,0.6,0.666666666666667,"1070,1525,1685,1866,2047,2428,2579,2768"
248,"right",6,0.833333333333333,0.5,0.625,"1070,1526,1685,1866,2047,2679"
248,"both",8,0.625,0.5,0.555555555555556,"1070,1526,1685,1866,2047,2428,2572,2741"
249,"right",6,0.833333333333333,0.5,0.625,"1070,1526,1685,1866,2037,2730"
249,"both",8,0.625,0.5,0.555555555555556,"1070,1526,1685,1866,2047,2428,2573,2730"
250,"right",7,0.714285714285714,0.5,0.588235294117647,"1136,1526,1685,1866,2047,2590,2780"
250,"both",8,0.625,0.5,0.555555555555556,"1070,1526,1685,1866,2047,2421,2575,2780"
251,"right",7,0.857142857142857,0.6,0.705882352941176,"1070,1526,1685,1872,1984,2591,2768"
251,"both",9,0.777777777777778,0.7,0.736842105263158,"614,1070,1526,1685,1866,2047,2428,2587,2768"
252,"right",6,0.666666666666667,0.4,0.5,"1070,1525,1685,1866,2014,2730"
252,"both",8,0.75,0.6,0.666666666666667,"1070,1525,1685,1866,2047,2428,2576,2768"
253,"right",7,1,0.7,0.823529411764706,"1070,1526,1685,1866,2043,2591,2768"
253,"both",8,0.75,0.6,0.666666666666667,"1070,1526,1685,1866,2043,2428,2572,2768"
254,"right",7,1,0.7,0.823529411764706,"1070,1526,1685,1866,2047,2591,2770"
254,"both",8,0.75,0.6,0.666666666666667,"1070,1526,1685,1866,2047,2428,2572,2770"
255,"right",7,0.857142857142857,0.6,0.705882352941176,"1070,1526,1685,1884,2047,2592,2768"
255,"both",8,0.75,0.6,0.666666666666667,"1070,1526,1685,1884,2047,2409,2489,2765"
256,"right",7,1,0.7,0.823529411764706,"1070,1526,1685,1866,2046,2589,2768"
256,"both",8,0.875,0.7,0.777777777777778,"1070,1526,1685,1866,2047,2430,2591,2768"
257,"right",6,0.666666666666667,0.4,0.5,"1070,1526,1685,1866,2026,2731"
257,"both",8,0.75,0.6,0.666666666666667,"1070,1526,1685,1866,2047,2421,2576,2768"
258,"right",7,0.857142857142857,0.6,0.705882352941176,"1070,1526,1685,1866,2022,2589,2770"
258,"both",8,0.75,0.6,0.666666666666667,"1070,1526,1685,1866,2047,2428,2573,2770"
259,"right",6,0.666666666666667,0.4,0.5,"1070,1526,1685,1866,2030,2660"
259,"both",8,0.625,0.5,0.555555555555556,"1070,1526,1685,1866,2047,2428,2573,2731"
260,"right",7,1,0.7,0.823529411764706,"1070,1526,1685,1866,2044,2591,2768"
260,"both",8,0.75,0.6,0.666666666666667,"1070,1526,1685,1866,2044,2428,2572,2768"
261,"right",7,1,0.7,0.823529411764706,"1070,1526,1685,1866,2047,2590,2765"
261,"both",8,0.75,0.6,0.666666666666667,"1070,1526,1685,1866,2047,2428,2575,2765"
262,"right",7,0.857142857142857,0.6,0.705882352941176,"1070,1526,1685,1866,2021,2594,2777"
262,"both",8,0.625,0.5,0.555555555555556,"1070,1526,1685,1866,2021,2428,2572,2777"
263,"right",7,1,0.7,0.823529411764706,"1070,1526,1685,1866,2047,2591,2768"
263,"both",8,0.75,0.6,0.666666666666667,"1070,1526,1685,1866,2047,2428,2573,2768"
264,"right",7,0.857142857142857,0.6,0.705882352941176,"1070,1524,1685,1866,2043,2557,2768"
264,"both",8,0.75,0.6,0.666666666666667,"1070,1524,1685,1866,2047,2428,2572,2769"
265,"right",7,1,0.7,0.823529411764706,"1070,1526,1685,1866,2041,2585,2769"
265,"both",8,0.875,0.7,0.777777777777778,"1070,1526,1685,1866,2047,2428,2582,2768"
266,"right",6,0.666666666666667,0.4,0.5,"1070,1526,1685,1866,2008,2696"
266,"both",8,0.75,0.6,0.666666666666667,"1070,1526,1685,1866,2008,2428,2591,2769"
267,"right",7,1,0.7,0.823529411764706,"1070,1526,1685,1866,2047,2591,2770"
267,"both",8,0.75,0.6,0.666666666666667,"1070,1526,1685,1866,2047,2429,2573,2766"
268,"right",7,0.714285714285714,0.5,0.588235294117647,"1070,1526,1685,1904,2030,2581,2775"
268,"both",8,0.5,0.4,0.444444444444444,"1070,1526,1685,1904,2030,2428,2575,2775"
269,"right",7,1,0.7,0.823529411764706,"1070,1526,1685,1866,2047,2599,2767"
269,"both",8,0.75,0.6,0.666666666666667,"1070,1526,1685,1866,2047,2428,2572,2766"
270,"right",7,1,0.7,0.823529411764706,"1070,1526,1685,1866,2047,2591,2768"
270,"both",8,0.75,0.6,0.666666666666667,"1070,1526,1685,1866,2047,2428,2573,2768"
271,"right",6,0.5,0.3,0.375,"1081,1526,1685,1866,2016,2757"
271,"both",8,0.625,0.5,0.555555555555556,"1081,1526,1685,1866,2047,2428,2572,2774"
272,"right",6,0.666666666666667,0.4,0.5,"1070,1540,1685,1866,2047,2750"
272,"both",8,0.625,0.5,0.555555555555556,"1070,1540,1685,1866,2045,2428,2572,2771"
273,"right",7,0.857142857142857,0.6,0.705882352941176,"1070,1526,1685,1866,2047,2549,2768"
273,"both",8,0.75,0.6,0.666666666666667,"1070,1526,1685,1866,2047,2428,2577,2768"
274,"right",7,1,0.7,0.823529411764706,"1070,1526,1685,1866,2047,2592,2766"
274,"both",8,0.75,0.6,0.666666666666667,"1070,1526,1685,1866,2047,2428,2571,2766"
275,"right",7,0.857142857142857,0.6,0.705882352941176,"1070,1526,1685,1866,2047,2580,2768"
275,"both",8,0.75,0.6,0.666666666666667,"1070,1526,1685,1866,2047,2428,2572,2768"
276,"right",6,0.666666666666667,0.4,0.5,"1070,1526,1685,1900,2041,2706"
276,"both",8,0.625,0.5,0.555555555555556,"1070,1526,1685,1900,2047,2428,2586,2706"
277,"right",7,0.857142857142857,0.6,0.705882352941176,"1070,1526,1685,1866,2047,2550,2767"
277,"both",8,0.75,0.6,0.666666666666667,"1070,1526,1685,1866,2047,2428,2574,2767"
278,"right",6,0.833333333333333,0.5,0.625,"1070,1526,1685,1866,2043,2719"
278,"both",8,0.75,0.6,0.666666666666667,"1070,1526,1685,1866,2047,2428,2573,2768"
279,"right",7,0.857142857142857,0.6,0.705882352941176,"1070,1526,1685,1866,2007,2591,2766"
279,"both",8,0.75,0.6,0.666666666666667,"1070,1526,1685,1866,2047,2428,2578,2766"
280,"right",7,0.857142857142857,0.6,0.705882352941176,"1070,1525,1685,1866,2047,2494,2768"
280,"both",8,0.75,0.6,0.666666666666667,"1070,1525,1685,1866,2047,2428,2577,2768"
281,"right",6,0.833333333333333,0.5,0.625,"1070,1526,1685,1866,2047,2717"
281,"both",8,0.75,0.6,0.666666666666667,"1070,1526,1685,1866,2047,2428,2571,2767"
282,"right",6,0.833333333333333,0.5,0.625,"1070,1526,1685,1866,2047,2749"
282,"both",8,0.75,0.6,0.666666666666667,"1070,1526,1685,1866,2047,2428,2577,2768"
283,"right",6,0.833333333333333,0.5,0.625,"1070,1526,1685,1866,2047,2718"
283,"both",8,0.75,0.6,0.666666666666667,"1070,1526,1685,1866,2047,2428,2573,2769"
284,"right",6,0.833333333333333,0.5,0.625,"1070,1525,1685,1866,2047,2755"
284,"both",8,0.75,0.6,0.666666666666667,"1070,1525,1685,1866,2047,2428,2572,2767"
285,"right",7,0.714285714285714,0.5,0.588235294117647,"1070,1526,1685,1866,2047,2570,2750"
285,"both",8,0.75,0.6,0.666666666666667,"1070,1526,1685,1866,2047,2428,2572,2766"
286,"right",7,0.714285714285714,0.5,0.588235294117647,"1093,1526,1685,1866,2046,2575,2768"
286,"both",8,0.625,0.5,0.555555555555556,"1093,1526,1685,1866,2047,2428,2577,2768"
287,"right",7,1,0.7,0.823529411764706,"1070,1526,1685,1866,2047,2591,2768"
287,"both",8,0.75,0.6,0.666666666666667,"1070,1526,1685,1866,2047,2428,2579,2768"
288,"right",7,0.857142857142857,0.6,0.705882352941176,"1070,1526,1685,1866,2012,2591,2768"
288,"both",8,0.75,0.6,0.666666666666667,"1070,1526,1685,1866,2047,2425,2575,2768"
289,"right",5,0.6,0.3,0.4,"1070,1645,1866,2047,2660"
289,"both",8,0.75,0.6,0.666666666666667,"1070,1572,1685,1866,2047,2428,2583,2772"
290,"right",6,0.666666666666667,0.4,0.5,"1070,1562,1685,1866,2047,2730"
290,"both",8,0.625,0.5,0.555555555555556,"1070,1562,1685,1866,2049,2421,2575,2767"
291,"right",6,0.666666666666667,0.4,0.5,"1070,1599,1866,2025,2591,2768"
291,"both",8,0.75,0.6,0.666666666666667,"1070,1526,1685,1866,2047,2428,2572,2768"
292,"right",6,0.666666666666667,0.4,0.5,"1153,1527,1685,1866,2047,2671"
292,"both",7,0.714285714285714,0.5,0.588235294117647,"1070,1527,1685,1866,2047,2450,2746"
293,"right",7,1,0.7,0.823529411764706,"1070,1526,1685,1866,2046,2585,2766"
293,"both",9,0.666666666666667,0.6,0.631578947368421,"1070,1526,1685,1866,2047,2426,2577,2766,3470"
294,"right",7,0.857142857142857,0.6,0.705882352941176,"1070,1526,1685,1866,2009,2590,2768"
294,"both",8,0.75,0.6,0.666666666666667,"1070,1526,1685,1866,2042,2428,2572,2768"
295,"right",7,0.714285714285714,0.5,0.588235294117647,"1070,1526,1685,1922,2018,2588,2768"
295,"both",8,0.625,0.5,0.555555555555556,"1070,1526,1685,1922,2047,2428,2575,2768"
296,"right",6,0.833333333333333,0.5,0.625,"1070,1526,1685,1866,2047,2721"
296,"both",8,0.75,0.6,0.666666666666667,"1070,1526,1685,1866,2047,2428,2574,2768"
297,"right",6,0.833333333333333,0.5,0.625,"1070,1525,1685,1866,2039,2724"
297,"both",8,0.75,0.6,0.666666666666667,"1070,1525,1685,1866,2047,2428,2573,2765"
298,"right",7,0.857142857142857,0.6,0.705882352941176,"1070,1526,1685,1866,2047,2592,2791"
298,"both",8,0.75,0.6,0.666666666666667,"1070,1526,1685,1866,2047,2428,2572,2773"
299,"right",7,1,0.7,0.823529411764706,"1070,1526,1685,1866,2047,2591,2768"
299,"both",8,0.75,0.6,0.666666666666667,"1070,1526,1685,1866,2047,2428,2572,2768"
300,"right",6,0.666666666666667,0.4,0.5,"1070,1526,1653,1866,2047,2724"
300,"both",8,0.625,0.5,0.555555555555556,"1070,1526,1653,1866,2047,2428,2572,2766"
301,"right",7,1,0.7,0.823529411764706,"1070,1526,1685,1866,2047,2591,2768"
301,"both",8,0.75,0.6,0.666666666666667,"1070,1526,1685,1866,2047,2428,2572,2765"
302,"right",6,0.833333333333333,0.5,0.625,"1070,1526,1685,1866,2047,2726"
302,"both",8,0.75,0.6,0.666666666666667,"1070,1526,1685,1866,2047,2428,2576,2768"
303,"right",7,0.714285714285714,0.5,0.588235294117647,"1070,1592,1685,1866,2047,2560,2768"
303,"both",8,0.875,0.7,0.777777777777778,"1070,1526,1685,1866,2047,2429,2583,2768"
304,"right",7,0.857142857142857,0.6,0.705882352941176,"1070,1526,1685,1866,2047,2570,2768"
304,"both",8,0.875,0.7,0.777777777777778,"1070,1526,1685,1866,2047,2428,2582,2768"
305,"right",7,0.857142857142857,0.6,0.705882352941176,"1070,1526,1685,1866,2008,2583,2768"
305,"both",8,0.75,0.6,0.666666666666667,"1070,1526,1685,1866,2047,2428,2572,2768"
306,"right",6,0.833333333333333,0.5,0.625,"1070,1526,1685,1866,2046,2757"
306,"both",8,0.625,0.5,0.555555555555556,"1070,1526,1685,1866,2047,2426,2573,2757"
307,"right",7,0.714285714285714,0.5,0.588235294117647,"1070,1525,1685,1866,2045,2550,2730"
307,"both",8,0.625,0.5,0.555555555555556,"1070,1525,1685,1866,2047,2420,2575,2730"
308,"right",6,0.833333333333333,0.5,0.625,"1070,1526,1685,1866,2047,2668"
308,"both",8,0.625,0.5,0.555555555555556,"1070,1526,1685,1866,2047,2429,2572,2730"
309,"right",7,0.714285714285714,0.5,0.588235294117647,"1070,1526,1685,1866,2047,2369,2671"
309,"both",8,0.625,0.5,0.555555555555556,"1070,1526,1685,1866,2047,2428,2574,2710"
310,"right",6,0.666666666666667,0.4,0.5,"1070,1526,1685,1866,2025,2734"
310,"both",9,0.666666666666667,0.6,0.631578947368421,"266,1070,1526,1685,1866,2047,2428,2573,2768"
311,"right",6,0.666666666666667,0.4,0.5,"1070,1526,1685,1866,2028,2711"
311,"both",8,0.75,0.6,0.666666666666667,"1070,1526,1685,1866,2047,2428,2572,2768"
312,"right",7,0.857142857142857,0.6,0.705882352941176,"1070,1541,1685,1866,2047,2591,2769"
312,"both",8,0.625,0.5,0.555555555555556,"1070,1541,1685,1866,2047,2428,2573,2768"
313,"right",6,0.833333333333333,0.5,0.625,"1070,1526,1685,1866,2047,2701"
313,"both",8,0.625,0.5,0.555555555555556,"1070,1526,1685,1866,2047,2428,2572,2701"
314,"right",7,0.857142857142857,0.6,0.705882352941176,"1070,1526,1685,1866,2009,2587,2772"
314,"both",8,0.75,0.6,0.666666666666667,"1070,1526,1685,1866,2047,2428,2573,2772"
315,"right",7,0.714285714285714,0.5,0.588235294117647,"1098,1526,1685,1866,2035,2583,2769"
315,"both",8,0.625,0.5,0.555555555555556,"1098,1526,1685,1866,2047,2428,2576,2769"
316,"right",6,0.833333333333333,0.5,0.625,"1070,1526,1685,1866,2043,2718"
316,"both",8,0.75,0.6,0.666666666666667,"1070,1526,1685,1866,2047,2429,2576,2763"
317,"right",6,0.833333333333333,0.5,0.625,"1070,1525,1685,1891,2047,2765"
317,"both",8,0.625,0.5,0.555555555555556,"1070,1525,1685,1891,2047,2428,2572,2766"
318,"right",7,0.714285714285714,0.5,0.588235294117647,"1070,1597,1685,1866,2047,2574,2768"
318,"both",8,0.75,0.6,0.666666666666667,"1070,1524,1685,1866,2047,2428,2580,2768"
319,"right",7,0.571428571428571,0.4,0.470588235294118,"1070,1526,1685,1866,2030,2565,2707"
319,"both",8,0.625,0.5,0.555555555555556,"1070,1526,1685,1866,2047,2422,2572,2707"
320,"right",7,0.857142857142857,0.6,0.705882352941176,"1070,1526,1685,1866,2047,2578,2768"
320,"both",8,0.75,0.6,0.666666666666667,"1070,1526,1685,1866,2047,2428,2572,2768"
321,"right",7,0.857142857142857,0.6,0.705882352941176,"1070,1526,1685,1866,2002,2585,2768"
321,"both",8,0.75,0.6,0.666666666666667,"1070,1526,1685,1866,2047,2428,2572,2768"
322,"right",7,1,0.7,0.823529411764706,"1070,1526,1685,1866,2047,2591,2768"
322,"both",7,0.857142857142857,0.6,0.705882352941176,"1070,1526,1685,1866,2047,2578,2768"
323,"right",6,0.833333333333333,0.5,0.625,"1070,1526,1685,1866,2030,2768"
323,"both",8,0.75,0.6,0.666666666666667,"1070,1526,1685,1866,2047,2428,2576,2768"
324,"right",7,0.714285714285714,0.5,0.588235294117647,"1104,1526,1685,1866,2048,2575,2768"
324,"both",8,0.625,0.5,0.555555555555556,"1104,1526,1685,1866,2048,2428,2573,2768"
325,"right",6,0.833333333333333,0.5,0.625,"1070,1526,1685,1866,2047,2718"
325,"both",8,0.75,0.6,0.666666666666667,"1070,1526,1685,1866,2047,2428,2572,2768"
326,"right",6,0.666666666666667,0.4,0.5,"1070,1526,1685,1865,1972,2713"
326,"both",8,0.875,0.7,0.777777777777778,"1070,1526,1685,1865,2048,2428,2586,2768"
327,"right",7,1,0.7,0.823529411764706,"1070,1526,1685,1866,2047,2591,2769"
327,"both",8,0.75,0.6,0.666666666666667,"1070,1526,1685,1866,2047,2428,2572,2769"
328,"right",6,0.666666666666667,0.4,0.5,"1070,1525,1685,1866,2007,2711"
328,"both",8,0.75,0.6,0.666666666666667,"1070,1525,1685,1866,2047,2428,2572,2769"
329,"right",6,0.833333333333333,0.5,0.625,"1070,1526,1685,1825,2591,2766"
329,"both",8,0.625,0.5,0.555555555555556,"1070,1526,1685,1941,2047,2428,2572,2766"
330,"right",7,1,0.7,0.823529411764706,"1070,1526,1685,1866,2046,2587,2768"
330,"both",8,0.75,0.6,0.666666666666667,"1070,1526,1685,1866,2047,2428,2576,2768"
331,"right",6,0.833333333333333,0.5,0.625,"1070,1527,1685,1866,2047,2743"
331,"both",8,0.875,0.7,0.777777777777778,"1070,1527,1685,1866,2047,2428,2583,2768"
332,"right",7,0.857142857142857,0.6,0.705882352941176,"1070,1526,1685,1866,2047,2564,2768"
332,"both",8,0.75,0.6,0.666666666666667,"1070,1526,1685,1866,2047,2428,2576,2768"
333,"right",7,1,0.7,0.823529411764706,"1070,1526,1685,1866,2047,2582,2768"
333,"both",8,0.875,0.7,0.777777777777778,"1070,1526,1685,1866,2047,2428,2588,2768"
334,"right",7,1,0.7,0.823529411764706,"1070,1526,1685,1866,2047,2591,2768"
334,"both",8,0.875,0.7,0.777777777777778,"1070,1526,1685,1866,2047,2423,2587,2768"
335,"right",7,1,0.7,0.823529411764706,"1070,1526,1685,1866,2047,2588,2768"
335,"both",8,0.75,0.6,0.666666666666667,"1070,1526,1685,1866,2047,2428,2571,2768"
336,"right",6,0.833333333333333,0.5,0.625,"1070,1526,1685,1866,2047,2732"
336,"both",8,0.75,0.6,0.666666666666667,"1070,1526,1685,1866,2047,2429,2573,2768"
337,"right",6,1,0.6,0.75,"1070,1526,1685,1866,2042,2767"
337,"both",8,0.875,0.7,0.777777777777778,"1070,1526,1685,1866,2047,2428,2591,2768"
338,"right",7,1,0.7,0.823529411764706,"1070,1526,1685,1866,2047,2591,2768"
338,"both",7,0.857142857142857,0.6,0.705882352941176,"1070,1526,1685,1866,2047,2576,2768"
339,"right",7,0.857142857142857,0.6,0.705882352941176,"1070,1557,1685,1866,2047,2591,2769"
339,"both",8,0.625,0.5,0.555555555555556,"1070,1557,1685,1866,2047,2428,2575,2769"
340,"right",6,0.666666666666667,0.4,0.5,"1070,1526,1685,1866,2011,2676"
340,"both",8,0.75,0.6,0.666666666666667,"1070,1526,1685,1866,2047,2416,2572,2695"
341,"right",7,1,0.7,0.823529411764706,"1070,1526,1685,1866,2039,2591,2768"
341,"both",8,0.75,0.6,0.666666666666667,"1070,1526,1685,1866,2047,2428,2574,2768"
342,"right",6,0.833333333333333,0.5,0.625,"1070,1526,1685,1866,2047,2706"
342,"both",8,0.875,0.7,0.777777777777778,"1070,1526,1685,1866,2047,2428,2589,2768"
343,"right",6,0.833333333333333,0.5,0.625,"1070,1526,1685,1866,2050,2722"
343,"both",8,0.75,0.6,0.666666666666667,"1070,1526,1685,1866,2047,2428,2572,2765"
344,"right",7,1,0.7,0.823529411764706,"1070,1526,1685,1866,2047,2591,2768"
344,"both",8,0.75,0.6,0.666666666666667,"1070,1526,1685,1866,2047,2428,2577,2768"
345,"right",7,1,0.7,0.823529411764706,"1070,1525,1685,1866,2047,2591,2768"
345,"both",8,0.875,0.7,0.777777777777778,"1070,1525,1685,1866,2047,2410,2573,2768"
346,"right",7,1,0.7,0.823529411764706,"1070,1526,1685,1866,2047,2592,2768"
346,"both",8,0.75,0.6,0.666666666666667,"1070,1526,1685,1866,2048,2428,2572,2768"
347,"right",7,1,0.7,0.823529411764706,"1070,1526,1685,1866,2037,2590,2768"
347,"both",8,0.75,0.6,0.666666666666667,"1070,1526,1685,1866,2047,2428,2572,2767"
348,"right",7,0.714285714285714,0.5,0.588235294117647,"1070,1526,1685,1866,2004,2551,2768"
348,"both",8,0.75,0.6,0.666666666666667,"1070,1526,1685,1866,2004,2428,2585,2768"
349,"right",8,0.75,0.6,0.666666666666667,"1070,1526,1685,1866,2047,2398,2591,2839"
349,"both",8,0.75,0.6,0.666666666666667,"1070,1526,1685,1866,2047,2428,2572,2768"
350,"right",7,0.714285714285714,0.5,0.588235294117647,"1070,1525,1685,1866,2047,2377,2676"
350,"both",8,0.625,0.5,0.555555555555556,"1070,1525,1685,1866,2047,2428,2577,2752"
351,"right",7,1,0.7,0.823529411764706,"1070,1526,1685,1866,2047,2591,2768"
351,"both",8,0.875,0.7,0.777777777777778,"1070,1526,1685,1866,2047,2413,2572,2768"
352,"right",7,1,0.7,0.823529411764706,"1070,1526,1685,1866,2047,2591,2767"
352,"both",8,0.75,0.6,0.666666666666667,"1070,1526,1685,1866,2047,2428,2572,2767"
353,"right",7,1,0.7,0.823529411764706,"1070,1526,1685,1866,2047,2589,2768"
353,"both",8,0.75,0.6,0.666666666666667,"1070,1526,1685,1866,2047,2428,2576,2768"
354,"right",7,0.714285714285714,0.5,0.588235294117647,"1070,1526,1661,1866,2007,2591,2767"
354,"both",8,0.5,0.4,0.444444444444444,"1070,1526,1661,1866,2007,2428,2572,2765"
355,"right",6,0.833333333333333,0.5,0.625,"1080,1526,1685,1866,2047,2735"
355,"both",8,0.75,0.6,0.666666666666667,"1080,1526,1685,1866,2047,2428,2578,2768"
356,"right",7,1,0.7,0.823529411764706,"1070,1526,1685,1866,2047,2591,2768"
356,"both",8,0.75,0.6,0.666666666666667,"1070,1526,1685,1866,2047,2427,2580,2768"
357,"right",7,0.857142857142857,0.6,0.705882352941176,"1070,1526,1685,1866,2046,2579,2768"
357,"both",8,0.75,0.6,0.666666666666667,"1070,1526,1685,1866,2046,2428,2573,2768"
358,"right",6,0.833333333333333,0.5,0.625,"1070,1526,1685,1866,2047,2746"
358,"both",8,0.75,0.6,0.666666666666667,"1070,1526,1685,1866,2047,2429,2572,2768"
359,"right",7,0.714285714285714,0.5,0.588235294117647,"1070,1555,1685,1866,2041,2559,2778"
359,"both",8,0.5,0.4,0.444444444444444,"1070,1555,1685,1866,2047,2428,2575,2781"
360,"right",7,1,0.7,0.823529411764706,"1070,1530,1685,1866,2040,2586,2769"
360,"both",8,0.875,0.7,0.777777777777778,"1070,1530,1685,1866,2042,2428,2589,2769"
361,"right",7,1,0.7,0.823529411764706,"1070,1526,1685,1866,2047,2591,2768"
361,"both",8,0.75,0.6,0.666666666666667,"1070,1526,1685,1866,2047,2428,2572,2768"
362,"right",5,0.6,0.3,0.4,"1069,1658,1866,2047,2732"
362,"both",7,0.714285714285714,0.5,0.588235294117647,"1070,1591,1685,1866,2047,2450,2768"
363,"right",7,0.857142857142857,0.6,0.705882352941176,"1070,1571,1685,1866,2047,2591,2767"
363,"both",8,0.625,0.5,0.555555555555556,"1070,1571,1685,1866,2047,2428,2573,2767"
364,"right",7,0.857142857142857,0.6,0.705882352941176,"1070,1526,1685,1866,2007,2591,2769"
364,"both",8,0.75,0.6,0.666666666666667,"1070,1526,1685,1866,2047,2421,2574,2769"
365,"right",7,1,0.7,0.823529411764706,"1070,1526,1685,1866,2047,2591,2768"
365,"both",8,0.75,0.6,0.666666666666667,"1070,1526,1685,1866,2047,2428,2572,2768"
366,"right",7,0.857142857142857,0.6,0.705882352941176,"1070,1526,1685,1866,2046,2587,2739"
366,"both",8,0.625,0.5,0.555555555555556,"1070,1526,1685,1866,2047,2428,2573,2739"
367,"right",6,0.666666666666667,0.4,0.5,"1069,1526,1685,1868,1990,2695"
367,"both",8,0.75,0.6,0.666666666666667,"1069,1526,1685,1868,2047,2428,2575,2768"
368,"right",7,1,0.7,0.823529411764706,"1070,1526,1685,1866,2047,2592,2768"
368,"both",8,0.875,0.7,0.777777777777778,"1070,1526,1685,1866,2047,2428,2582,2768"
369,"right",6,0.666666666666667,0.4,0.5,"1070,1526,1685,1866,1973,2702"
369,"both",8,0.625,0.5,0.555555555555556,"1070,1526,1685,1866,2047,2428,2573,2738"
370,"right",6,0.833333333333333,0.5,0.625,"1070,1526,1685,1866,2047,2711"
370,"both",8,0.75,0.6,0.666666666666667,"1070,1526,1685,1866,2047,2428,2572,2764"
371,"right",7,0.857142857142857,0.6,0.705882352941176,"1073,1526,1685,1866,2041,2574,2768"
371,"both",8,0.75,0.6,0.666666666666667,"1073,1526,1685,1866,2047,2428,2576,2768"
372,"right",6,0.833333333333333,0.5,0.625,"1070,1526,1685,1866,2044,2735"
372,"both",8,0.875,0.7,0.777777777777778,"1070,1526,1685,1866,2047,2428,2591,2768"
373,"right",6,0.666666666666667,0.4,0.5,"1070,1526,1685,1866,1974,2742"
373,"both",8,0.75,0.6,0.666666666666667,"1070,1526,1685,1866,2047,2428,2577,2768"
374,"right",7,0.714285714285714,0.5,0.588235294117647,"1070,1526,1685,1877,2032,2591,2768"
374,"both",8,0.625,0.5,0.555555555555556,"1070,1526,1685,1877,2047,2428,2572,2768"
375,"right",6,0.666666666666667,0.4,0.5,"1070,1526,1685,1866,2013,2687"
375,"both",8,0.75,0.6,0.666666666666667,"1070,1526,1685,1866,2047,2428,2573,2761"
376,"right",6,0.833333333333333,0.5,0.625,"1070,1526,1685,1866,2047,2694"
376,"both",8,0.625,0.5,0.555555555555556,"1070,1526,1685,1866,2047,2428,2572,2707"
377,"right",7,1,0.7,0.823529411764706,"1070,1527,1685,1866,2047,2591,2768"
377,"both",8,0.75,0.6,0.666666666666667,"1070,1527,1685,1866,2047,2428,2576,2768"
378,"right",7,1,0.7,0.823529411764706,"1070,1526,1685,1866,2047,2591,2768"
378,"both",8,0.75,0.6,0.666666666666667,"1070,1526,1685,1866,2047,2428,2575,2768"
379,"right",6,0.833333333333333,0.5,0.625,"1070,1526,1685,1866,2047,2691"
379,"both",8,0.75,0.6,0.666666666666667,"1070,1526,1685,1866,2047,2428,2575,2768"
380,"right",7,0.714285714285714,0.5,0.588235294117647,"1090,1526,1685,1866,2047,2570,2768"
380,"both",8,0.625,0.5,0.555555555555556,"1090,1526,1685,1866,2047,2425,2576,2768"
381,"right",7,1,0.7,0.823529411764706,"1070,1527,1685,1866,2045,2592,2771"
381,"both",8,0.75,0.6,0.666666666666667,"1070,1527,1685,1866,2046,2422,2572,2768"
382,"right",7,0.714285714285714,0.5,0.588235294117647,"1070,1582,1685,1866,2015,2585,2768"
382,"both",8,0.75,0.6,0.666666666666667,"1070,1527,1685,1866,2048,2431,2570,2768"
383,"right",7,0.857142857142857,0.6,0.705882352941176,"1070,1526,1685,1866,1969,2591,2768"
383,"both",8,0.75,0.6,0.666666666666667,"1070,1526,1685,1866,2050,2428,2572,2768"
384,"right",6,0.833333333333333,0.5,0.625,"1070,1526,1685,1866,2064,2768"
384,"both",8,0.75,0.6,0.666666666666667,"1070,1526,1685,1866,2048,2428,2572,2768"
385,"right",5,0.6,0.3,0.4,"1193,1650,1866,2054,2768"
385,"both",8,0.5,0.4,0.444444444444444,"1118,1592,1685,1866,2047,2422,2572,2768"
386,"right",6,0.666666666666667,0.4,0.5,"1070,1526,1685,1866,2025,2718"
386,"both",8,0.75,0.6,0.666666666666667,"1070,1526,1685,1866,2047,2428,2571,2768"
387,"right",7,0.857142857142857,0.6,0.705882352941176,"1070,1526,1685,1866,2028,2590,2768"
387,"both",8,0.75,0.6,0.666666666666667,"1070,1526,1685,1866,2047,2428,2572,2768"
388,"right",7,0.857142857142857,0.6,0.705882352941176,"1070,1519,1685,1866,2033,2586,2768"
388,"both",8,0.75,0.6,0.666666666666667,"1070,1519,1685,1866,2047,2428,2577,2768"
389,"right",6,0.666666666666667,0.4,0.5,"1070,1526,1685,1866,2015,2719"
389,"both",8,0.75,0.6,0.666666666666667,"1070,1526,1685,1866,2047,2428,2572,2765"
390,"right",7,1,0.7,0.823529411764706,"1070,1526,1685,1866,2047,2587,2772"
390,"both",9,0.666666666666667,0.6,0.631578947368421,"910,1069,1526,1685,1866,2047,2428,2578,2772"
391,"right",7,0.857142857142857,0.6,0.705882352941176,"1070,1523,1685,1866,2045,2577,2768"
391,"both",8,0.75,0.6,0.666666666666667,"1070,1523,1685,1866,2047,2428,2576,2768"
392,"right",7,1,0.7,0.823529411764706,"1070,1526,1685,1866,2039,2591,2769"
392,"both",8,0.75,0.6,0.666666666666667,"1070,1526,1685,1866,2047,2428,2572,2769"
393,"right",6,0.833333333333333,0.5,0.625,"1070,1526,1685,1866,2047,2672"
393,"both",8,0.625,0.5,0.555555555555556,"1070,1526,1685,1866,2047,2428,2572,2698"
394,"right",7,0.857142857142857,0.6,0.705882352941176,"1070,1526,1685,1866,2047,2591,2800"
394,"both",8,0.75,0.6,0.666666666666667,"1070,1526,1685,1866,2047,2428,2572,2768"
395,"right",7,1,0.7,0.823529411764706,"1070,1536,1680,1866,2047,2591,2768"
395,"both",8,0.875,0.7,0.777777777777778,"1070,1536,1680,1866,2047,2428,2584,2768"
396,"right",7,1,0.7,0.823529411764706,"1070,1526,1685,1866,2047,2591,2768"
396,"both",8,0.75,0.6,0.666666666666667,"1070,1526,1685,1866,2047,2428,2572,2768"
397,"right",6,0.833333333333333,0.5,0.625,"1070,1526,1685,1866,2046,2690"
397,"both",8,0.625,0.5,0.555555555555556,"1070,1526,1685,1866,2046,2428,2575,2725"
398,"right",7,0.857142857142857,0.6,0.705882352941176,"1084,1526,1685,1866,2047,2591,2768"
398,"both",8,0.625,0.5,0.555555555555556,"1084,1526,1685,1866,2047,2428,2574,2768"
399,"right",6,0.833333333333333,0.5,0.625,"1070,1526,1685,1866,2047,2709"
399,"both",8,0.75,0.6,0.666666666666667,"1070,1526,1685,1866,2047,2428,2574,2768"
400,"right",7,0.714285714285714,0.5,0.588235294117647,"1070,1526,1685,1866,2013,2550,2768"
400,"both",8,0.75,0.6,0.666666666666667,"1070,1526,1685,1866,2047,2428,2572,2768"
401,"right",7,1,0.7,0.823529411764706,"1070,1525,1683,1866,2042,2583,2768"
401,"both",8,0.75,0.6,0.666666666666667,"1070,1525,1683,1866,2047,2427,2576,2768"
402,"right",6,0.833333333333333,0.5,0.625,"1070,1526,1685,1866,2047,2700"
402,"both",8,0.625,0.5,0.555555555555556,"1070,1526,1685,1866,2047,2428,2576,2733"
403,"right",7,0.857142857142857,0.6,0.705882352941176,"1070,1523,1685,1866,2047,2578,2773"
403,"both",9,0.666666666666667,0.6,0.631578947368421,"1070,1523,1685,1866,2047,2428,2572,2764,3547"
404,"right",6,0.666666666666667,0.4,0.5,"1070,1526,1685,1866,2019,2673"
404,"both",8,0.625,0.5,0.555555555555556,"1070,1526,1685,1866,2047,2429,2572,2725"
405,"right",6,0.666666666666667,0.4,0.5,"1115,1524,1685,1866,2047,2742"
405,"both",7,0.714285714285714,0.5,0.588235294117647,"1115,1524,1685,1866,2047,2572,2766"
406,"right",7,0.857142857142857,0.6,0.705882352941176,"1070,1526,1685,1866,2047,2560,2765"
406,"both",8,0.75,0.6,0.666666666666667,"1070,1526,1685,1866,2047,2428,2572,2765"
407,"right",7,0.857142857142857,0.6,0.705882352941176,"1070,1526,1685,1866,2048,2591,2883"
407,"both",8,0.75,0.6,0.666666666666667,"1070,1526,1685,1866,2048,2421,2578,2769"
408,"right",7,0.714285714285714,0.5,0.588235294117647,"1070,1526,1685,1866,2047,2398,2640"
408,"both",8,0.75,0.6,0.666666666666667,"1070,1526,1685,1866,2047,2428,2575,2768"
409,"right",6,0.833333333333333,0.5,0.625,"1070,1526,1685,1866,2047,2707"
409,"both",8,0.75,0.6,0.666666666666667,"1070,1526,1685,1866,2047,2420,2576,2768"
410,"right",7,1,0.7,0.823529411764706,"1070,1526,1685,1866,2048,2585,2768"
410,"both",8,0.75,0.6,0.666666666666667,"1070,1526,1685,1866,2047,2428,2579,2768"
411,"right",7,1,0.7,0.823529411764706,"1070,1526,1685,1866,2047,2592,2769"
411,"both",8,0.75,0.6,0.666666666666667,"1070,1526,1685,1866,2047,2428,2572,2769"
412,"right",6,0.666666666666667,0.4,0.5,"1070,1526,1685,1867,2021,2703"
412,"both",8,0.625,0.5,0.555555555555556,"1070,1526,1685,1867,2047,2426,2575,2703"
413,"right",7,1,0.7,0.823529411764706,"1070,1526,1685,1866,2047,2591,2768"
413,"both",8,0.75,0.6,0.666666666666667,"1070,1526,1685,1866,2047,2422,2575,2768"
414,"right",7,0.714285714285714,0.5,0.588235294117647,"1070,1526,1685,1866,2026,2575,2768"
414,"both",8,0.75,0.6,0.666666666666667,"1070,1526,1685,1866,2047,2428,2573,2768"
415,"right",7,1,0.7,0.823529411764706,"1070,1526,1685,1866,2047,2590,2768"
415,"both",8,0.75,0.6,0.666666666666667,"1070,1526,1685,1866,2047,2428,2572,2766"
416,"right",6,0.833333333333333,0.5,0.625,"1070,1526,1685,1866,2047,2757"
416,"both",8,0.875,0.7,0.777777777777778,"1070,1526,1685,1866,2047,2428,2581,2768"
417,"right",7,0.714285714285714,0.5,0.588235294117647,"1113,1526,1685,1866,2047,2590,2744"
417,"both",8,0.5,0.4,0.444444444444444,"1113,1526,1685,1866,2047,2428,2572,2744"
418,"right",6,0.666666666666667,0.4,0.5,"1070,1530,1685,1866,2017,2757"
418,"both",8,0.625,0.5,0.555555555555556,"1070,1530,1685,1866,2017,2428,2574,2760"
419,"right",6,0.333333333333333,0.2,0.25,"1070,1662,1866,2034,2580,2741"
419,"both",8,0.625,0.5,0.555555555555556,"1070,1526,1685,1866,2047,2428,2573,2741"
420,"right",6,0.833333333333333,0.5,0.625,"1070,1526,1685,1866,2046,2721"
420,"both",8,0.75,0.6,0.666666666666667,"1070,1526,1685,1866,2046,2428,2573,2768"
421,"right",6,0.833333333333333,0.5,0.625,"1070,1526,1685,1866,2046,2704"
421,"both",8,0.75,0.6,0.666666666666667,"1070,1526,1685,1866,2046,2428,2579,2771"
422,"right",7,1,0.7,0.823529411764706,"1070,1526,1685,1866,2037,2591,2768"
422,"both",8,0.75,0.6,0.666666666666667,"1070,1526,1685,1866,2047,2428,2577,2768"
423,"right",7,1,0.7,0.823529411764706,"1070,1526,1685,1866,2046,2585,2768"
423,"both",8,0.75,0.6,0.666666666666667,"1070,1526,1685,1866,2047,2428,2571,2768"
424,"right",7,0.857142857142857,0.6,0.705882352941176,"1070,1526,1685,1866,2046,2559,2768"
424,"both",8,0.75,0.6,0.666666666666667,"1070,1526,1685,1866,2047,2428,2573,2768"
425,"right",7,0.857142857142857,0.6,0.705882352941176,"1070,1526,1685,1866,2047,2562,2768"
425,"both",8,0.75,0.6,0.666666666666667,"1070,1526,1685,1866,2047,2428,2574,2768"
426,"right",6,0.666666666666667,0.4,0.5,"1070,1526,1685,1866,2020,2717"
426,"both",9,0.777777777777778,0.7,0.736842105263158,"741,1070,1526,1685,1866,2047,2428,2581,2768"
427,"right",7,1,0.7,0.823529411764706,"1070,1526,1685,1866,2046,2591,2767"
427,"both",8,0.875,0.7,0.777777777777778,"1070,1526,1685,1866,2046,2428,2591,2767"
428,"right",7,0.857142857142857,0.6,0.705882352941176,"1070,1523,1685,1866,2047,2562,2768"
428,"both",9,0.777777777777778,0.7,0.736842105263158,"602,1070,1523,1685,1866,2047,2428,2583,2768"
429,"right",7,1,0.7,0.823529411764706,"1070,1526,1685,1866,2047,2592,2774"
429,"both",8,0.875,0.7,0.777777777777778,"1070,1526,1685,1866,2047,2409,2508,2770"
430,"right",7,1,0.7,0.823529411764706,"1070,1526,1685,1866,2047,2591,2768"
430,"both",8,0.75,0.6,0.666666666666667,"1070,1526,1685,1866,2047,2428,2573,2768"
431,"right",7,0.714285714285714,0.5,0.588235294117647,"1070,1535,1685,1866,2047,2398,2636"
431,"both",8,0.625,0.5,0.555555555555556,"1070,1535,1685,1866,2047,2428,2573,2691"
432,"right",7,0.857142857142857,0.6,0.705882352941176,"1070,1526,1685,1866,2048,2563,2768"
432,"both",8,0.875,0.7,0.777777777777778,"1070,1526,1685,1866,2048,2428,2586,2768"
433,"right",7,0.857142857142857,0.6,0.705882352941176,"1070,1526,1685,1866,2029,2591,2765"
433,"both",8,0.875,0.7,0.777777777777778,"1070,1526,1685,1866,2047,2428,2582,2765"
434,"right",7,0.714285714285714,0.5,0.588235294117647,"1070,1526,1685,1866,2008,2555,2768"
434,"both",8,0.75,0.6,0.666666666666667,"1070,1526,1685,1866,2044,2428,2576,2768"
435,"right",7,1,0.7,0.823529411764706,"1070,1526,1685,1866,2047,2590,2768"
435,"both",8,0.75,0.6,0.666666666666667,"1070,1526,1685,1866,2047,2428,2575,2768"
436,"right",7,0.857142857142857,0.6,0.705882352941176,"1070,1525,1685,1922,2047,2592,2768"
436,"both",7,0.857142857142857,0.6,0.705882352941176,"1070,1525,1685,1922,2047,2582,2768"
437,"right",6,0.666666666666667,0.4,0.5,"1070,1526,1685,1866,2034,2683"
437,"both",8,0.75,0.6,0.666666666666667,"1070,1526,1685,1866,2047,2429,2572,2768"
438,"right",7,0.857142857142857,0.6,0.705882352941176,"1070,1526,1685,1866,2046,2565,2768"
438,"both",8,0.75,0.6,0.666666666666667,"1070,1526,1685,1866,2047,2428,2572,2768"
439,"right",6,0.833333333333333,0.5,0.625,"1070,1526,1685,1866,2047,2720"
439,"both",8,0.75,0.6,0.666666666666667,"1070,1526,1685,1866,2047,2428,2572,2768"
440,"right",7,0.857142857142857,0.6,0.705882352941176,"1070,1526,1685,1866,2046,2562,2770"
440,"both",7,0.857142857142857,0.6,0.705882352941176,"1070,1526,1685,1866,2046,2450,2768"
441,"right",7,0.857142857142857,0.6,0.705882352941176,"1070,1526,1685,1866,2047,2564,2768"
441,"both",8,0.75,0.6,0.666666666666667,"1070,1526,1685,1866,2047,2428,2573,2768"
442,"right",6,0.833333333333333,0.5,0.625,"1070,1526,1685,1866,2047,2704"
442,"both",8,0.75,0.6,0.666666666666667,"1070,1526,1685,1866,2047,2428,2572,2768"
443,"right",7,0.857142857142857,0.6,0.705882352941176,"1070,1526,1685,1866,1976,2591,2769"
443,"both",8,0.75,0.6,0.666666666666667,"1070,1526,1685,1866,2047,2428,2580,2769"
444,"right",6,0.666666666666667,0.4,0.5,"1090,1526,1685,1866,2047,2663"
444,"both",8,0.5,0.4,0.444444444444444,"1090,1526,1685,1866,2047,2450,2572,2730"
445,"right",7,0.714285714285714,0.5,0.588235294117647,"1070,1526,1685,1918,2046,2565,2768"
445,"both",8,0.75,0.6,0.666666666666667,"1070,1526,1685,1866,2047,2428,2572,2768"
446,"right",6,0.833333333333333,0.5,0.625,"1070,1526,1685,1866,2047,2672"
446,"both",8,0.75,0.6,0.666666666666667,"1070,1526,1685,1866,2047,2428,2573,2768"
447,"right",7,0.857142857142857,0.6,0.705882352941176,"1070,1527,1685,1866,2044,2575,2768"
447,"both",8,0.75,0.6,0.666666666666667,"1070,1527,1685,1866,2047,2428,2572,2768"
448,"right",7,0.571428571428571,0.4,0.470588235294118,"1070,1526,1685,1866,2033,2368,2660"
448,"both",8,0.625,0.5,0.555555555555556,"1070,1526,1685,1866,2033,2428,2580,2768"
449,"right",7,0.857142857142857,0.6,0.705882352941176,"1070,1526,1685,1866,2046,2565,2768"
449,"both",8,0.75,0.6,0.666666666666667,"1070,1526,1685,1866,2047,2428,2575,2768"
450,"right",7,1,0.7,0.823529411764706,"1070,1526,1685,1866,2047,2591,2768"
450,"both",8,0.75,0.6,0.666666666666667,"1070,1526,1685,1866,2047,2428,2572,2768"
451,"right",6,0.833333333333333,0.5,0.625,"1070,1526,1685,1866,2047,2707"
451,"both",8,0.75,0.6,0.666666666666667,"1070,1526,1685,1866,2047,2428,2572,2768"
452,"right",7,0.714285714285714,0.5,0.588235294117647,"1070,1526,1685,1866,2047,2398,2653"
452,"both",8,0.875,0.7,0.777777777777778,"1070,1526,1685,1866,2047,2428,2583,2768"
453,"right",6,0.666666666666667,0.4,0.5,"1095,1526,1685,1866,2047,2713"
453,"both",8,0.625,0.5,0.555555555555556,"1095,1526,1685,1866,2047,2428,2577,2767"
454,"right",7,1,0.7,0.823529411764706,"1070,1526,1685,1866,2047,2581,2768"
454,"both",8,0.75,0.6,0.666666666666667,"1070,1526,1685,1866,2047,2428,2575,2768"
455,"right",7,1,0.7,0.823529411764706,"1070,1529,1685,1866,2046,2585,2764"
455,"both",8,0.75,0.6,0.666666666666667,"1070,1529,1685,1866,2047,2428,2572,2764"
456,"right",6,0.833333333333333,0.5,0.625,"1070,1526,1685,1866,2047,2755"
456,"both",8,0.75,0.6,0.666666666666667,"1070,1526,1685,1866,2047,2413,2573,2755"
457,"right",7,0.857142857142857,0.6,0.705882352941176,"1070,1526,1685,1866,2002,2591,2768"
457,"both",8,0.625,0.5,0.555555555555556,"1070,1526,1685,1866,2002,2428,2572,2768"
458,"right",6,0.666666666666667,0.4,0.5,"1081,1526,1685,1866,2047,2678"
458,"both",8,0.5,0.4,0.444444444444444,"1081,1526,1685,1866,2047,2428,2576,2694"
459,"right",6,0.833333333333333,0.5,0.625,"1070,1526,1685,1866,2050,2679"
459,"both",8,0.625,0.5,0.555555555555556,"1070,1526,1685,1866,2047,2428,2572,2733"
460,"right",7,0.857142857142857,0.6,0.705882352941176,"1070,1551,1685,1867,2047,2591,2765"
460,"both",8,0.625,0.5,0.555555555555556,"1070,1551,1685,1867,2047,2428,2572,2765"
461,"right",7,1,0.7,0.823529411764706,"1070,1526,1685,1866,2047,2591,2768"
461,"both",8,0.75,0.6,0.666666666666667,"1070,1526,1685,1866,2047,2428,2572,2768"
462,"right",7,0.857142857142857,0.6,0.705882352941176,"1070,1526,1685,1866,2045,2557,2768"
462,"both",8,0.75,0.6,0.666666666666667,"1070,1526,1685,1866,2047,2428,2572,2768"
463,"right",7,1,0.7,0.823529411764706,"1070,1526,1685,1874,2046,2591,2768"
463,"both",8,0.75,0.6,0.666666666666667,"1070,1526,1685,1874,2047,2425,2572,2768"
464,"right",7,1,0.7,0.823529411764706,"1070,1526,1685,1866,2047,2582,2768"
464,"both",8,0.875,0.7,0.777777777777778,"1070,1526,1685,1866,2047,2424,2584,2768"
465,"right",7,1,0.7,0.823529411764706,"1070,1526,1680,1866,2047,2590,2768"
465,"both",8,1,0.8,0.888888888888889,"1070,1526,1680,1866,2047,2416,2588,2768"
466,"right",7,1,0.7,0.823529411764706,"1070,1526,1685,1867,2048,2585,2768"
466,"both",8,0.75,0.6,0.666666666666667,"1070,1526,1685,1867,2046,2429,2573,2768"
467,"right",7,0.857142857142857,0.6,0.705882352941176,"1070,1526,1685,1866,2047,2567,2768"
467,"both",8,0.875,0.7,0.777777777777778,"1070,1526,1685,1866,2047,2428,2585,2768"
468,"right",7,0.857142857142857,0.6,0.705882352941176,"1083,1526,1685,1866,2047,2591,2768"
468,"both",8,0.625,0.5,0.555555555555556,"1083,1526,1685,1866,2047,2428,2575,2768"
469,"right",6,0.833333333333333,0.5,0.625,"1070,1526,1685,1866,2047,2714"
469,"both",7,0.857142857142857,0.6,0.705882352941176,"1070,1526,1685,1866,2047,2450,2765"
470,"right",7,1,0.7,0.823529411764706,"1070,1526,1685,1866,2047,2460,2767"
470,"both",7,0.857142857142857,0.6,0.705882352941176,"1070,1526,1685,1866,2047,2444,2767"
471,"right",7,1,0.7,0.823529411764706,"1070,1526,1685,1866,2047,2591,2768"
471,"both",8,0.75,0.6,0.666666666666667,"1070,1526,1685,1866,2047,2428,2573,2768"
472,"right",6,0.666666666666667,0.4,0.5,"1070,1526,1685,1866,2027,2755"
472,"both",8,0.75,0.6,0.666666666666667,"1070,1526,1685,1866,2047,2428,2572,2758"
473,"right",7,0.714285714285714,0.5,0.588235294117647,"1070,1526,1685,1866,2046,2575,2757"
473,"both",8,0.625,0.5,0.555555555555556,"1070,1526,1685,1866,2047,2428,2572,2757"
474,"right",7,1,0.7,0.823529411764706,"1070,1516,1685,1866,2047,2591,2768"
474,"both",8,0.75,0.6,0.666666666666667,"1070,1516,1685,1866,2047,2428,2572,2768"
475,"right",7,0.857142857142857,0.6,0.705882352941176,"1070,1527,1681,1866,2039,2578,2768"
475,"both",8,0.75,0.6,0.666666666666667,"1070,1527,1681,1866,2047,2425,2574,2768"
476,"right",6,0.833333333333333,0.5,0.625,"1070,1526,1685,1866,2047,2692"
476,"both",8,0.875,0.7,0.777777777777778,"1070,1526,1685,1866,2047,2428,2589,2768"
477,"right",6,1,0.6,0.75,"1070,1526,1685,1866,2047,2765"
477,"both",8,0.75,0.6,0.666666666666667,"1070,1526,1685,1866,2047,2428,2572,2765"
478,"right",7,0.857142857142857,0.6,0.705882352941176,"1070,1526,1685,1866,2044,2576,2768"
478,"both",8,0.875,0.7,0.777777777777778,"1070,1526,1685,1866,2046,2428,2591,2769"
479,"right",6,0.833333333333333,0.5,0.625,"1070,1526,1685,1866,2047,2735"
479,"both",8,0.75,0.6,0.666666666666667,"1070,1526,1685,1866,2047,2428,2570,2768"
480,"right",7,0.857142857142857,0.6,0.705882352941176,"1070,1526,1685,1866,2047,2570,2768"
480,"both",8,0.75,0.6,0.666666666666667,"1070,1526,1685,1866,2047,2428,2572,2768"
481,"right",6,0.833333333333333,0.5,0.625,"1070,1526,1685,1866,2047,2725"
481,"both",8,0.75,0.6,0.666666666666667,"1070,1526,1685,1866,2047,2428,2574,2771"
482,"right",6,0.666666666666667,0.4,0.5,"1070,1526,1685,1866,1960,2658"
482,"both",8,0.75,0.6,0.666666666666667,"1070,1526,1685,1866,2047,2428,2574,2772"
483,"right",6,1,0.6,0.75,"1070,1526,1685,1866,2047,2767"
483,"both",9,0.666666666666667,0.6,0.631578947368421,"1070,1526,1685,1866,2047,2428,2575,2769,3535"
484,"right",5,0.6,0.3,0.4,"1077,1608,1866,2047,2730"
484,"both",8,0.625,0.5,0.555555555555556,"1076,1526,1685,1866,2047,2428,2575,2742"
485,"right",7,0.857142857142857,0.6,0.705882352941176,"1070,1526,1685,1866,2043,2555,2768"
485,"both",8,0.75,0.6,0.666666666666667,"1070,1526,1685,1866,2047,2428,2577,2768"
486,"right",6,0.833333333333333,0.5,0.625,"1070,1526,1685,1866,2050,2745"
486,"both",8,0.625,0.5,0.555555555555556,"1070,1526,1685,1866,2047,2428,2572,2745"
487,"right",7,1,0.7,0.823529411764706,"1070,1526,1685,1866,2047,2591,2768"
487,"both",8,0.875,0.7,0.777777777777778,"1070,1526,1685,1866,2047,2428,2587,2768"
488,"right",7,0.714285714285714,0.5,0.588235294117647,"1070,1526,1685,1905,2046,2565,2768"
488,"both",8,0.625,0.5,0.555555555555556,"1070,1526,1685,1905,2047,2425,2580,2768"
489,"right",8,0.875,0.7,0.777777777777778,"1075,1526,1685,1866,2047,2394,2591,2768"
489,"both",8,0.75,0.6,0.666666666666667,"1075,1526,1685,1866,2047,2428,2577,2768"
490,"right",7,0.857142857142857,0.6,0.705882352941176,"1070,1540,1685,1866,2047,2592,2768"
490,"both",8,0.625,0.5,0.555555555555556,"1070,1540,1685,1866,2047,2428,2573,2768"
491,"right",7,0.714285714285714,0.5,0.588235294117647,"1189,1526,1685,1866,2037,2580,2767"
491,"both",8,0.75,0.6,0.666666666666667,"1070,1526,1685,1866,2047,2428,2573,2767"
492,"right",7,0.857142857142857,0.6,0.705882352941176,"1070,1526,1685,1866,2030,2583,2764"
492,"both",8,0.75,0.6,0.666666666666667,"1070,1526,1685,1866,2043,2428,2572,2764"
493,"right",6,0.666666666666667,0.4,0.5,"1070,1526,1685,1867,2034,2719"
493,"both",8,0.75,0.6,0.666666666666667,"1070,1526,1685,1867,2047,2428,2572,2767"
494,"right",6,0.833333333333333,0.5,0.625,"1070,1526,1685,1866,2043,2733"
494,"both",8,0.75,0.6,0.666666666666667,"1070,1526,1685,1866,2047,2428,2572,2769"
495,"right",7,1,0.7,0.823529411764706,"1070,1526,1685,1866,2046,2591,2768"
495,"both",8,0.75,0.6,0.666666666666667,"1070,1526,1685,1866,2046,2428,2573,2768"
496,"right",7,0.857142857142857,0.6,0.705882352941176,"1070,1528,1685,1866,2047,2591,2755"
496,"both",8,0.625,0.5,0.555555555555556,"1070,1528,1685,1866,2047,2428,2571,2755"
497,"right",7,0.857142857142857,0.6,0.705882352941176,"1070,1526,1685,1865,2005,2589,2768"
497,"both",8,0.75,0.6,0.666666666666667,"1070,1526,1685,1865,2047,2428,2572,2768"
498,"right",6,0.833333333333333,0.5,0.625,"1070,1526,1685,1866,2046,2716"
498,"both",8,0.75,0.6,0.666666666666667,"1070,1526,1685,1866,2046,2428,2574,2768"
499,"right",7,0.857142857142857,0.6,0.705882352941176,"1070,1526,1685,1866,1995,2597,2768"
499,"both",8,0.875,0.7,0.777777777777778,"1070,1526,1685,1866,2047,2411,2574,2765"
500,"right",7,0.857142857142857,0.6,0.705882352941176,"1070,1526,1685,1866,2036,2591,2768"
500,"both",8,0.75,0.6,0.666666666666667,"1070,1526,1685,1866,2037,2428,2573,2768"
