"method","detected","replicates","mean_time","median_time","lower","upper"
"DeCAFS AR1",1,64,0.00253903312969925,0.00252631578947369,0.00250000000000002,0.00255263157894736
"DeCAFS AR1",2,64,0.00303803453947367,0.00303571428571432,0.00300000000000011,0.00305263157894736
"DeCAFS AR1",3,64,0.00297107025375945,0.00295582706766945,0.00294736842105249,0.00300000000000011
"DeCAFS AR1",4,63,0.0029380594343,0.00294736842105249,0.00294736842105249,0.00294736842105249
"DeCAFS AR1",5,65,0.00290448235974541,0.00289473684210562,0.00289473684210413,0.0029285714285712
"DeCAFS AR1",6,64,0.00287041823308269,0.0028571428571428,0.002842105263158,0.00289473684210562
"DeCAFS AR1",7,64,0.00284498355263166,0.002842105263158,0.002842105263158,0.002842105263158
"DeCAFS AR1",8,64,0.00281893209586448,0.00280545112782036,0.00278947368421038,0.00284210526315651
"DeCAFS AR1",9,64,0.00280060502819551,0.00278947368421038,0.00278947368421038,0.00278947368421038
"DeCAFS AR1",10,63,0.00279388948561872,0.00278947368421038,0.00278947368421038,0.00278947368421038
"DeCAFS AR1",11,65,0.00276451706188547,0.00274999999999994,0.00273684210526426,0.00278947368421038
"DeCAFS AR1",12,64,0.00274512453007538,0.00273684210526426,0.00273684210526127,0.00273684210526426
"DeCAFS AR1",13,64,0.00272568139097734,0.00273684210526127,0.00271428571428649,0.00273684210526426
"DeCAFS AR1",14,62,0.00271604414261472,0.00273684210526127,0.00268421052631814,0.00273684210526276
"DeCAFS AR1",15,66,0.00270981430849877,0.0027105263157897,0.00268421052631814,0.00273684210526127
"DeCAFS AR1",16,64,0.00269501879699241,0.00268421052631514,0.00268421052631514,0.00268421052631814
"DeCAFS AR1",17,63,0.00267919799498803,0.00268421052631814,0.00268421052631215,0.00268421052631814
"DeCAFS AR1",18,65,0.00267912087912135,0.00268421052631814,0.00268421052631215,0.00268421052631814
"DeCAFS AR1",19,63,0.00266723356009144,0.00267857142857305,0.00265789473684208,0.00268421052631215
"DeCAFS AR1",20,63,0.00265810359231502,0.00267857142857305,0.00263157894737201,0.00268421052631215
"DeCAFS AR1",21,66,0.00264846776031062,0.00263157894737201,0.00263157894737201,0.00265789473684208
"DeCAFS AR1",22,62,0.00264688940092263,0.00263157894737201,0.00263157894737201,0.00267105263157712
"DeCAFS AR1",23,66,0.00262616769195802,0.00263157894737201,0.00260714285714211,0.00263157894737201
"DeCAFS AR1",24,64,0.00262714403195557,0.00263157894736902,0.00263157894736902,0.00263157894737201
"DeCAFS AR1",25,64,0.0026152196898502,0.00260526315789596,0.00260526315789596,0.0026193609022576
"DeCAFS AR1",26,63,0.00260120539443887,0.00260526315789596,0.0025789473684229,0.00260714285714211
"DeCAFS AR1",27,64,0.00259498355263223,0.00260526315789446,0.0025789473684199,0.00260714285714211
"DeCAFS AR1",28,64,0.0025863780545118,0.0025789473684229,0.0025789473684199,0.00260526315789446
"DeCAFS AR1",29,64,0.00258079769736852,0.0025789473684199,0.00257518796992429,0.0025789473684229
"DeCAFS AR1",30,64,0.00257272086466232,0.0025789473684199,0.00255263157894983,0.0025789473684229
"DeCAFS AR1",31,65,0.00256408328513631,0.00255263157894684,0.00255263157894684,0.0025789473684199
"DeCAFS AR1",32,64,0.00254796170112777,0.00253571428571523,0.00252631578947378,0.00255263157894684
"DeCAFS AR1",33,64,0.00255832941729347,0.00255263157894983,0.002544172932329,0.00257142857143273
"DeCAFS AR1",34,64,0.0025374765037597,0.00253571428571523,0.00252631578947378,0.00255263157894684
"DeCAFS AR1",35,63,0.00253082110037006,0.00252631578947378,0.00252631578947378,0.00253571428571929
"DeCAFS AR1",36,65,0.00251711972238265,0.00252631578947378,0.00250000000000072,0.00252631578947378
"DeCAFS AR1",37,64,0.00251171875000002,0.00251315789473981,0.00250000000000072,0.00252631578947378
"DeCAFS AR1",38,63,0.00250728010502415,0.00250000000000072,0.00249999999999773,0.00250000000000585
"DeCAFS AR1",39,65,0.00250977443608993,0.00250000000000072,0.00249999999999773,0.00252631578947378
"DeCAFS AR1",40,63,0.00249952261606397,0.00250000000000072,0.00249999999999773,0.00250000000000072
"DeCAFS AR1",41,64,0.00249662241541331,0.00250000000000072,0.0024868421052612,0.00250000000000072
"DeCAFS AR1",42,65,0.0024772990167728,0.00247368421052167,0.00246428571428429,0.00249999999999773
"DeCAFS AR1",43,63,0.00248266499582367,0.00247368421052766,0.00246428571429241,0.00249999999999773
"DeCAFS AR1",44,64,0.00246698778195478,0.00246428571428429,0.00244736842105459,0.00247368421052766
"DeCAFS AR1",45,65,0.0024700115673808,0.00247368421052167,0.00246428571428429,0.00247368421052766
"DeCAFS AR1",46,64,0.00245653195488671,0.00244736842105459,0.00244736842104861,0.00246898496240298
"DeCAFS AR1",47,62,0.00245337133155417,0.00244736842105459,0.00244736842104861,0.00246428571428429
"DeCAFS AR1",48,66,0.00244409318751485,0.00244736842104861,0.00242857142857084,0.00246428571428429
"DeCAFS AR1",49,64,0.00244076010338342,0.0024473684210516,0.00242857142857084,0.00244736842105459
"DeCAFS AR1",50,64,0.00243491541353388,0.00242857142857084,0.00242105263158153,0.0024473684210516
"DeCAFS AR1",51,64,0.00243685385338368,0.00242857142857084,0.00242105263158153,0.00244736842105459
"DeCAFS AR1",52,64,0.00243244830827017,0.00242857142857084,0.00242105263158153,0.00242880639097682
"DeCAFS AR1",53,64,0.00242210996240591,0.00242105263158153,0.00240789473684201,0.00242857142857084
"DeCAFS AR1",54,64,0.00242316729323345,0.00242105263158153,0.00242105263157555,0.00242857142857084
"DeCAFS AR1",55,63,0.00241732306957891,0.00242105263157555,0.00239473684210249,0.00242857142857084
"DeCAFS AR1",56,64,0.00241056743421054,0.00242105263157854,0.00239473684210847,0.00242857142857084
"DeCAFS AR1",57,65,0.00240725853094259,0.00239473684210847,0.00239473684210249,0.00242105263158153
"DeCAFS AR1",58,64,0.00240348919172969,0.00239473684210847,0.0023928571428574,0.00242105263158153
"DeCAFS AR1",59,64,0.00238140272556366,0.0023928571428574,0.00236842105263242,0.0023928571428574
"DeCAFS AR1",60,63,0.00238894856188172,0.0023928571428574,0.00236842105263541,0.00239473684210249
"DeCAFS AR1",61,65,0.0023857432041637,0.00236842105263541,0.00236842105263511,0.0023928571428574
"DeCAFS AR1",62,64,0.00238016917293273,0.0023928571428574,0.00236842105262344,0.00239473684210249
"DeCAFS AR1",63,63,0.00236564625850455,0.00236842105263541,0.00235714285713584,0.00236842105263541
"DeCAFS AR1",64,64,0.00236871475563953,0.00236278195489375,0.00234210526316235,0.0023928571428574
"DeCAFS AR1",65,65,0.00236801619433184,0.00236842105262344,0.00235714285713584,0.00236842105263541
"DeCAFS AR1",66,63,0.00236370688626277,0.00235714285713584,0.00234210526315636,0.00236842105263541
"DeCAFS AR1",67,64,0.00235602678571543,0.00235714285713584,0.00234210526315636,0.00236842105263541
"DeCAFS AR1",68,64,0.00234598214285589,0.00234962406015209,0.00234210526315636,0.00235714285715208
"DeCAFS AR1",69,65,0.00235647773279358,0.00236842105262344,0.00234210526315636,0.00236842105263541
"DeCAFS AR1",70,64,0.0023372591635354,0.00234210526315636,0.00232142857143052,0.00234210526316833
"DeCAFS AR1",71,64,0.00233056273496204,0.00232142857143052,0.0023214285714224,0.00234210526315636
"DeCAFS AR1",72,63,0.00233037952023,0.00232142857143052,0.00231578947368928,0.00234210526315636
"DeCAFS AR1",73,65,0.00233843262001196,0.00234210526315636,0.00232142857143052,0.00234210526315636
"DeCAFS AR1",74,64,0.00232991658834638,0.00232142857143052,0.00232142857143052,0.00234210526315636
"DeCAFS AR1",75,62,0.0023331615328634,0.00232142857143052,0.0023214285714222,0.00234210526315636
"DeCAFS AR1",76,66,0.00232310890863491,0.00232142857143052,0.00231578947368928,0.00233176691729344
"DeCAFS AR1",77,60,0.00232271303258096,0.00232142857143052,0.00231578947367732,0.00232142857143052
"DeCAFS AR1",78,68,0.00231672932330828,0.00231578947368928,0.00228947368421024,0.00232142857143052
"DeCAFS AR1",79,64,0.00231669995300744,0.00231578947367732,0.00228947368421024,0.00232142857143052
"DeCAFS AR1",80,64,0.00230051691729386,0.00230263157894378,0.00228571428571708,0.0023186090225599
"DeCAFS AR1",81,63,0.00230833034968452,0.00231578947368928,0.00228947368421024,0.00232142857143052
"DeCAFS AR1",82,63,0.00230000596730003,0.00228947368421024,0.0022857142857252,0.00231578947368928
"DeCAFS AR1",83,66,0.00230157780815761,0.00228947368421024,0.00228571428571708,0.00231578947368928
"DeCAFS AR1",84,63,0.00228323785654655,0.00228571428570896,0.00226315789474316,0.00228580827068733
"DeCAFS AR1",85,64,0.00229335056391014,0.0022857142857252,0.00228571428570896,0.00231578947367732
"DeCAFS AR1",86,64,0.00228125000000044,0.00228571428570896,0.00226315789474316,0.00228947368421024
"DeCAFS AR1",87,65,0.00227868710237156,0.00228571428570896,0.00226315789473119,0.0022857142857252
"DeCAFS AR1",88,63,0.00227786728726661,0.00226315789474316,0.00226315789474316,0.0022857142857252
"DeCAFS AR1",89,65,0.0022866396761135,0.0022857142857252,0.00228571428570896,0.00228947368421024
"DeCAFS AR1",90,64,0.00227217457706808,0.00228571428570896,0.00226315789473119,0.00228571428571708
"DeCAFS AR1",91,64,0.00226212993420902,0.00226315789473119,0.00224999999999552,0.00228571428570896
"DeCAFS AR1",92,62,0.00225724593742405,0.00225000000000364,0.00223684210526412,0.00226315789474316
"DeCAFS AR1",93,64,0.00226333411654174,0.00225657894736742,0.00225000000000364,0.00226315789474316
"DeCAFS AR1",94,65,0.00225193753614793,0.0022499999999874,0.00223684210526412,0.00225000000000364
"DeCAFS AR1",95,64,0.0022451832706765,0.0022499999999874,0.00223684210525813,0.00225000000000364
"DeCAFS AR1",96,65,0.00223990746096037,0.00223684210526412,0.00221428571429832,0.00225000000000364
"DeCAFS AR1",97,64,0.00224195253759315,0.00224999999999552,0.00221428571428208,0.00225000000000364
"DeCAFS AR1",98,63,0.00222454946891068,0.00223684210525215,0.00221428571428208,0.00223684210526412
"DeCAFS AR1",99,64,0.0022297638627816,0.00223684210525813,0.00221428571428208,0.00224342105262576
"DeCAFS AR1",100,64,0.00222612194548811,0.0022142857142902,0.00221428571428208,0.00224342105262576
"PELT AR1 approximate",1,16,0.0030147309545747,0.00316216216216216,0.00316216216216216,0.00317567567567567
"PELT AR1 approximate",3,16,0.00158762540950041,0.00161085176085176,0.0016036036036036,0.00162272727272727
"PELT AR1 approximate",5,16,0.00109058303084039,0.00109049773755656,0.00108389551624846,0.00109954751131223
"PELT AR1 approximate",7,16,0.000833225781571366,0.000839366515837093,0.000829185520361996,0.000844672974084736
"PELT AR1 approximate",9,16,0.000687383893679844,0.000687782805429861,0.000685714285714286,0.000691608391608391
"PELT AR1 approximate",11,16,0.000577866757646165,0.000574830316742071,0.000570135746606324,0.000586363636363659
"PELT AR1 approximate",13,16,0.000503618224096165,0.00049924242424244,0.000493939393939405,0.000504545454545441
"PELT AR1 approximate",15,16,0.000442726251485445,0.000437222222222218,0.00043520202020202,0.000439898989898996
"PELT AR1 approximate",17,16,0.000396762915393432,0.000396396103896115,0.000393939393939402,0.000398333739177477
"PELT AR1 approximate",19,16,0.000360668966450221,0.000359902597402603,0.000358928571428585,0.000362500000000005
"PELT AR1 approximate",21,16,0.000330826523560898,0.000329637592137587,0.000328378378378372,0.000333806818181818
"PELT AR1 approximate",23,15,0.000310222588884355,0.000305681818181824,0.000304054054054046,0.000309821428571436
"PELT AR1 approximate",25,16,0.000283723126535622,0.000283783783783775,0.000282422066953302,0.000285135135135114
"PELT AR1 approximate",27,16,0.000275582226547303,0.000266891891891889,0.000265202702702702,0.000272670711641297
"PELT AR1 approximate",29,16,0.000249930511162133,0.000250337837837843,0.000249324324324324,0.000250909090909075
"PELT AR1 approximate",31,16,0.000236271963165347,0.000236425061425065,0.000235454545454559,0.000237272727272723
"PELT AR1 approximate",33,16,0.000227303951678948,0.000223304668304654,0.000222624897624893,0.000225225225225225
"PELT AR1 approximate",35,16,0.000213792741605243,0.000212272727272733,0.000211261261261262,0.000213574938574933
"PELT AR1 approximate",37,15,0.000202869505869507,0.000202727272727259,0.000201801801801818,0.000204545454545449
"PELT AR1 approximate",39,16,0.000196866947804449,0.000193636363636332,0.000192727272727263,0.000193939393939416
"PELT AR1 approximate",41,16,0.000184785151255744,0.000185186137392023,0.000182882882882911,0.000186363636363622
"PELT AR1 approximate",43,16,0.000176985917169745,0.000175833333333322,0.000175000000000039,0.000176818181818161
"PELT AR1 approximate",45,16,0.000168420586766176,0.000168253805018515,0.000167954545454538,0.000169090909090915
"PELT AR1 approximate",47,16,0.000162899079590261,0.000163084415584435,0.000161818181818179,0.000164090909090905
"PELT AR1 approximate",49,16,0.000159488013311541,0.000157272727272729,0.000156655844155851,0.000159017453135088
"PELT AR1 approximate",51,16,0.000150971932479287,0.00015045454545454,0.000150000000000012,0.000151818181818183
"PELT AR1 approximate",53,16,0.000146151667622258,0.000145918346359511,0.000145248868778292,0.000146818181818198
"PELT AR1 approximate",55,16,0.000140374435778853,0.000140271493212671,0.000139819004524899,0.000140724815724819
"PELT AR1 approximate",57,16,0.000137776185501372,0.000136651583710417,0.000135454545454546,0.00013783783783783
"PELT AR1 approximate",59,16,0.000131897206653638,0.000131674208144795,0.000131221719456997,0.000132784090909094
"PELT AR1 approximate",61,13,0.000126282574857236,0.00012636363636362,0.00012545454545455,0.00012669683257918
"PELT AR1 approximate",63,14,0.00012265877912937,0.00012250000000001,0.000121818181818169,0.000123232323232337
"PELT AR1 approximate",65,16,0.000120133743111687,0.000119186947128128,0.000118181818181814,0.000119696969696981
"PELT AR1 approximate",67,16,0.000117038495200266,0.000115123721006072,0.000114545454545459,0.000115837104072411
"PELT AR1 approximate",69,16,0.000112921801635034,0.000112698477992599,0.000111818181818173,0.000113963963963958
"PELT AR1 approximate",71,16,0.00011028334625761,0.000109977375565601,0.000109750102838334,0.000110454545454556
"PELT AR1 approximate",73,16,0.000108670943027562,0.000107482517482515,0.000107256273138629,0.000108144796380105
"PELT AR1 approximate",75,16,0.000105807023858495,0.000104977375565611,0.000104090909090902,0.000105429864253396
"PELT AR1 approximate",77,16,0.000103388651789388,0.000103181818181807,0.000102838338132456,0.000103661044837519
"PELT AR1 approximate",79,16,0.000101723173217161,0.000100206611570259,9.99999999999812e-05,0.000101361579596861
"PELT AR1 approximate",81,16,9.83016715904418e-05,9.81900452488875e-05,9.80419580419223e-05,9.86425339366339e-05
"PELT AR1 approximate",83,16,9.80981303959167e-05,9.72788975730092e-05,9.63800904977734e-05,9.77272727272355e-05
"PELT AR1 approximate",85,16,9.55793654874544e-05,9.5464829288344e-05,9.45701357466335e-05,9.59276018099498e-05
"PELT AR1 approximate",87,16,9.38711349924627e-05,9.34389140271775e-05,9.27601809954679e-05,9.50226244343713e-05
"PELT AR1 approximate",89,15,9.52194113076486e-05,9.23076923076701e-05,9.16289592760376e-05,9.83134512545944e-05
"PELT AR1 approximate",91,16,9.29706787978856e-05,9.18366927190395e-05,9.09502262443538e-05,9.321266968324e-05
"PELT AR1 approximate",93,15,9.28425659307998e-05,9.18552036199237e-05,9.1251885369518e-05,9.27272727272504e-05
"PELT AR1 approximate",95,15,9.12963572375327e-05,9.02272727272837e-05,8.93665158371e-05,9.05303030302724e-05
"PELT AR1 approximate",97,14,8.85276488217667e-05,8.70423693953217e-05,8.5746606334846e-05,8.9592760180986e-05
"PELT AR1 approximate",99,15,8.90447461035697e-05,8.7330316742074e-05,8.61990950226438e-05,8.91402714932139e-05
"PELT AR1 approximate",101,16,8.7276479668272e-05,8.61682435211837e-05,8.55203619909599e-05,8.7104072398188e-05
"PELT AR1 approximate",103,16,8.46148308704876e-05,8.41628959275921e-05,8.35972850678641e-05,8.43891402715039e-05
"PELT AR1 approximate",105,16,8.38715173401249e-05,8.2013574660636e-05,8.11790415466895e-05,8.34090909091081e-05
"PELT AR1 approximate",107,16,8.2965012928245e-05,8.14479638009081e-05,8.07692307692242e-05,8.2579185520364e-05
"PELT AR1 approximate",109,16,8.14094545160686e-05,8.09954751131102e-05,8.05429864253381e-05,8.14479638008823e-05
"PELT AR1 approximate",111,16,8.17312410440293e-05,7.97511312217241e-05,7.91855203619961e-05,8.0406172871245e-05
"PELT AR1 approximate",113,16,7.87885551948046e-05,7.78280542986283e-05,7.75974025974132e-05,7.79220779220809e-05
"PELT AR1 approximate",115,16,7.71452995533916e-05,7.71460892049151e-05,7.66968325791724e-05,7.73863636363682e-05
"PELT AR1 approximate",117,16,7.74600858700093e-05,7.719780219779e-05,7.64019069165996e-05,7.78280542986541e-05
"PELT AR1 approximate",119,16,7.6178986454721e-05,7.56787330316851e-05,7.51131221719443e-05,7.62443438914002e-05
"PELT AR1 approximate",121,16,7.52014774441258e-05,7.47161661867664e-05,7.39285714285692e-05,7.57918552036281e-05
"PELT AR1 approximate",123,16,7.62337999010777e-05,7.48868778280582e-05,7.38465052104825e-05,7.55656108597164e-05
"PELT AR1 approximate",125,15,7.45487739384691e-05,7.27272727272583e-05,7.21212121211948e-05,7.64705882352863e-05
"PELT AR1 approximate",127,15,7.36638002520383e-05,7.15909090909215e-05,7.10407239819182e-05,7.39819004524883e-05
"PELT AR1 approximate",129,15,7.23344914889027e-05,7.14932126696731e-05,7.09374999999923e-05,7.23981900452345e-05
"PELT AR1 approximate",131,16,7.19235562997014e-05,7.14177978883906e-05,7.01357466063225e-05,7.24999999999909e-05
"PELT AR1 approximate",133,16,7.22203306038358e-05,7.17194570135634e-05,7.02865761689475e-05,7.25113122172032e-05
"PELT AR1 approximate",135,15,7.15419151926506e-05,7.10407239818924e-05,6.96832579185504e-05,7.23981900452602e-05
"PELT AR1 approximate",137,16,7.10063213440999e-05,6.99116233031722e-05,6.92307692307751e-05,7.08144796380064e-05
"PELT AR1 approximate",139,16,7.18814495859532e-05,7.05213903743396e-05,6.99095022624364e-05,7.16536404771672e-05
"PELT AR1 approximate",141,16,7.03062493572576e-05,6.93438914027085e-05,6.85520361990944e-05,7.07476347182095e-05
"PELT AR1 approximate",143,15,7.00594776955098e-05,6.92307692307783e-05,6.89981617647201e-05,6.9772727272731e-05
"PELT AR1 approximate",145,16,6.91179711067105e-05,6.85991704373933e-05,6.80995475113223e-05,6.94570135746515e-05
"PELT AR1 approximate",147,15,6.96945958453326e-05,6.90625000000011e-05,6.87500000000085e-05,7.01401654411897e-05
"PELT AR1 approximate",149,16,6.85616290878291e-05,6.73462566844978e-05,6.59502262443534e-05,6.90045248868922e-05
"PELT AR1 approximate",151,16,6.76924427033905e-05,6.62124640065885e-05,6.53846153846125e-05,6.90625000000011e-05
"PELT AR1 approximate",153,16,6.53092869533603e-05,6.50452488687834e-05,6.42710690045228e-05,6.59876465446438e-05
"PELT AR1 approximate",155,16,6.67856365343725e-05,6.54511578387118e-05,6.42145270270583e-05,6.6818181818152e-05
"PELT AR1 approximate",157,15,6.5789386688392e-05,6.53125000000188e-05,6.40271493212447e-05,6.56108597284986e-05
"PELT AR1 approximate",159,16,6.38594201348463e-05,6.32352941176436e-05,6.28959276018145e-05,6.42533936651822e-05
"PELT AR1 approximate",161,16,6.39555839950538e-05,6.28286240786251e-05,6.23635879691218e-05,6.33484162895866e-05
"PELT AR1 approximate",163,16,6.38427319662819e-05,6.26696832579027e-05,6.24434389140424e-05,6.31105234193604e-05
"PELT AR1 approximate",165,16,6.19628973499952e-05,6.19634340222286e-05,6.15384615384982e-05,6.2432432432431e-05
"PELT AR1 approximate",167,16,6.22560908309695e-05,6.13317842729373e-05,6.10859728506746e-05,6.14510489510395e-05
"PELT AR1 approximate",169,16,6.19757398801572e-05,6.08597285067886e-05,6.07466063348455e-05,6.1107878806421e-05
"PELT AR1 approximate",171,15,6.23518559369967e-05,6.06334841629025e-05,6.06290106951439e-05,6.09668968802299e-05
"PELT AR1 approximate",173,16,6.11638607964117e-05,6.01676869842939e-05,5.99547511312444e-05,6.02289438502893e-05
"PELT AR1 approximate",175,16,6.11080743162786e-05,5.99773755656195e-05,5.98416289592756e-05,6.02256328726944e-05
"PELT AR1 approximate",177,16,6.10446672762898e-05,5.94594594594668e-05,5.93677387795008e-05,5.97291182585445e-05
"PELT AR1 approximate",179,16,6.00549926367445e-05,5.90497737556487e-05,5.88235294117816e-05,5.95022624434208e-05
"PELT AR1 approximate",181,16,5.85190857825286e-05,5.85031879884908e-05,5.83710407239905e-05,5.86486486486137e-05
"PELT AR1 approximate",183,16,5.8766697332874e-05,5.81339712918512e-05,5.81081081081474e-05,5.83710407239905e-05
"PELT AR1 approximate",185,16,5.92859947349051e-05,5.8144796380053e-05,5.7918552036167e-05,5.83472255298621e-05
"PELT AR1 approximate",187,15,5.81874380605014e-05,5.7632769707064e-05,5.72972972972944e-05,5.79185520362184e-05
"PELT AR1 approximate",189,15,5.75873506601072e-05,5.72972972972944e-05,5.71564658251986e-05,5.77272727272512e-05
"PELT AR1 approximate",191,16,5.75143323488878e-05,5.70135746606228e-05,5.68181818181818e-05,5.71266968325658e-05
"PELT AR1 approximate",193,16,5.72732365490721e-05,5.66688213746865e-05,5.65610859728507e-05,5.67720435367517e-05
"PELT AR1 approximate",195,16,5.66076189146121e-05,5.65237862296767e-05,5.62162162162388e-05,5.67873303167367e-05
"PELT AR1 approximate",197,16,5.69216819216805e-05,5.6410664057703e-05,5.63059489529837e-05,5.65610859728507e-05
"PELT AR1 approximate",199,16,5.68930818287423e-05,5.58823529411668e-05,5.56756756757111e-05,5.6122994652394e-05
"PELT inflated",1,16,0.003716251499064,0.00370945945945945,0.00369090909090909,0.00374545454545454
"PELT inflated",2,16,0.0020255041973792,0.00200675675675676,0.00200000000000001,0.00202727272727272
"PELT inflated",3,16,0.00149480713874096,0.00149999999999999,0.00145945945945947,0.00151136363636364
"PELT inflated",4,16,0.00123057470649383,0.00119545454545454,0.00118099547511313,0.00125909090909088
"PELT inflated",5,16,0.00103932190623367,0.00102481553952142,0.00101129183482125,0.00106125051419167
"PELT inflated",6,16,0.000925594572745306,0.000931528813881765,0.000913636363636334,0.000937121212121187
"PELT inflated",7,16,0.000828891145619083,0.000819724393253804,0.000805429864253381,0.000838636363636363
"PELT inflated",8,16,0.000838727626871009,0.000820454545454539,0.000752272727272734,0.000918366927190459
"PELT inflated",9,16,0.000710072452822917,0.000702951460304407,0.000697716619318187,0.000722743084121756
"PELT inflated",10,16,0.000679037552521001,0.000665990259740226,0.000661363636363629,0.000669683257918535
"PELT inflated",11,16,0.000666704159810771,0.000666675236528139,0.000652272727272741,0.000677272727272731
"PELT inflated",12,16,0.000618034387611599,0.000604975429975476,0.000601809954751175,0.000611363636363616
"PELT inflated",13,16,0.000598120791141245,0.00058957219251338,0.00058409090909092,0.00059808238636365
"PELT inflated",14,16,0.000585572191557945,0.000575,0.00056590909090908,0.000589607286096236
"PELT inflated",15,16,0.000559551597051593,0.00055909090909093,0.000547727272727304,0.000563636363636407
"PELT inflated",16,16,0.000566751593342812,0.000553409090909085,0.000543181818181763,0.000578378378378413
"PELT inflated",17,16,0.000553619162920634,0.000538564376799632,0.000520454545454576,0.000585565110565122
"PELT inflated",18,16,0.000538710832644651,0.00052247474747472,0.000512499999999993,0.000536363636363646
"PELT inflated",19,16,0.000525408976953097,0.00051666666666667,0.000511111111111151,0.000524999999999988
"PELT inflated",20,16,0.000506926358562387,0.000500020110608312,0.000493212669683298,0.00050908589572194
"PELT inflated",21,16,0.000506443651848065,0.000496224119018211,0.000490900178253139,0.00051060606060613
"PELT inflated",22,16,0.000496660894749126,0.000484917043740595,0.000481360053235039,0.000496969696969744
"PELT inflated",23,16,0.000496828039475078,0.000483549522373003,0.000481146304675656,0.00048636363636359
"PELT inflated",24,16,0.000490680304172954,0.000484512546277267,0.000471111111111213,0.000495454545454543
"PELT inflated",25,16,0.000486058444293738,0.000479638009049835,0.000472096530920042,0.000486147561588713
"PELT inflated",26,16,0.000490731803250181,0.000478661616161601,0.000472727272727291,0.000498909913615772
"PELT inflated",27,16,0.000482492411426231,0.000472357968828561,0.00046515151515154,0.000481146304675656
"PELT inflated",28,16,0.000480078542780744,0.000470893322363946,0.000464555052790336,0.000492045454545425
"PELT inflated",29,16,0.000477879730563543,0.000466721970839627,0.000459999999999986,0.000484848484848475
"PELT inflated",30,16,0.000473005910579443,0.000460015082956258,0.000457010364436831,0.000463046757164429
"PELT inflated",31,16,0.000480656051464886,0.000466365007541432,0.000455505279034722,0.000499255279034716
"PELT inflated",32,16,0.000459744103935284,0.000453513643219543,0.000449472096530923,0.00046003702180178
"PELT inflated",33,16,0.000463907742584213,0.000452777777777803,0.000447963800905016,0.000464444444444452
"PELT inflated",34,16,0.0004603954597337,0.000454271218977101,0.000448217811600135,0.000465894236482467
"PELT inflated",35,16,0.000449650406782746,0.000443941679235803,0.000440422322775223,0.00045098039215683
"PELT inflated",36,16,0.000465585721468093,0.000461538461538479,0.000449472096530923,0.000475757575757608
"PELT inflated",37,16,0.000467770836189964,0.000459276018099576,0.000450980392156916,0.000473563348416305
"PELT inflated",38,16,0.000456442264843007,0.000450493624023039,0.000438636363636391,0.000468888888888917
"PELT inflated",39,16,0.000463681555372743,0.000446969696969678,0.000440909090909172,0.00048666666666678
"PELT inflated",40,16,0.000469764150269696,0.000448220896750365,0.000443438914027123,0.000477375565610803
"PELT inflated",41,16,0.000465587921065837,0.000454736048265454,0.000438914027149402,0.000490000000000034
"PELT inflated",42,16,0.000464413850038824,0.000450708898944116,0.000439393939393884,0.000486363636363504
"PELT inflated",43,16,0.000469876482817676,0.000456131017895716,0.000443438914027295,0.000493939393939427
"PELT inflated",44,16,0.000483284885049588,0.000475414781297195,0.000447963800904844,0.000518099547511407
"PELT inflated",45,16,0.00044695075757577,0.000444695827048874,0.000435897435897417,0.000453996983408815
"PELT inflated",46,16,0.000475429864253394,0.000468627450980441,0.000460000000000112,0.000484162895927642
"PELT inflated",47,16,0.000463828242835621,0.000457013574660715,0.000453996983408815,0.000461538461538522
"PELT inflated",48,16,0.000456858431601047,0.000450688788335897,0.000437405731523324,0.000458109602815485
"PELT inflated",49,16,0.000454484391194005,0.000447878787878877,0.000445449974861827,0.000461363636363578
"PELT inflated",50,16,0.000451343468622885,0.000453242835595776,0.000446464646464648,0.000455505279034722
"PELT inflated",51,16,0.000451158273915647,0.000450226244343876,0.000445952025915285,0.000452488687782908
"PELT inflated",52,16,0.000470022167375084,0.000456681749622834,0.000447963800905016,0.000476666666666637
"PELT inflated",53,16,0.000446203865578829,0.000440662278897636,0.000438914027149316,0.000449577677224726
"PELT inflated",54,16,0.000457358111659607,0.000453242835595776,0.000446455505279109,0.000463046757164429
"PELT inflated",55,16,0.000473998411719009,0.000458506787330434,0.000447019059371931,0.000500754147812962
"PELT inflated",56,16,0.000445785684903329,0.000447315233785865,0.000440422322775138,0.000449739476210085
"PELT inflated",57,16,0.000449435931715354,0.000444947209653116,0.000440422322775309,0.000450226244343876
"PELT inflated",58,16,0.00047108617281415,0.000464555052790422,0.000443438914027295,0.000493939393939427
"PELT inflated",59,16,0.00046637489144843,0.00045777777777769,0.000447209653091977,0.000475582202111733
"PELT inflated",60,16,0.000453765482883142,0.00044494720965303,0.000439393939393884,0.000451515151515154
"PELT inflated",61,16,0.000461644299328115,0.00044570707070709,0.000438914027149402,0.000463636363636252
"PELT inflated",62,16,0.000455390728552477,0.00045366515837106,0.000449999999999866,0.000459294871794816
"PELT inflated",63,16,0.000454056258284224,0.000437424242424245,0.000435726495726515,0.000443438914027295
"PELT inflated",64,16,0.000453390722839247,0.000449537456008161,0.000438914027149231,0.000455786370492216
"PELT inflated",65,16,0.000485138803190283,0.000493181818181783,0.000452488687782908,0.000516666666666702
"PELT inflated",66,16,0.000462288210155836,0.000447209653092062,0.000440422322775138,0.00047671568627447
"PELT inflated",67,16,0.000476044009095503,0.000461538461538522,0.000457772727272766,0.00049019607843127
"PELT inflated",68,16,0.000465303573060944,0.000457013574660629,0.000446455505279109,0.00046829853969572
"PELT inflated",69,16,0.000468836983322246,0.000460030165912529,0.000456060606060674,0.000463348416289552
"PELT inflated",70,16,0.000485525276270891,0.000472096530920042,0.000463791478129803,0.000509803921568575
"PELT inflated",71,16,0.000467347827825767,0.000456259426847676,0.000449472096530923,0.000469079939668228
"PELT inflated",72,16,0.00046929647150233,0.000460314685314628,0.000452488687782908,0.000464555052790336
"PELT inflated",73,16,0.000470302001919642,0.000458521870286536,0.000457013574660629,0.000470353535353483
"PELT inflated",74,16,0.000466204808263645,0.000457013574660544,0.000446666666666715,0.000466666666666747
"PELT inflated",75,16,0.000465274492664217,0.000455028794734658,0.000449472096530923,0.000463186617304362
"PELT inflated",76,16,0.000454591931761035,0.000453513643219457,0.000449472096530923,0.000458128456510809
"PELT inflated",77,16,0.000484283656857218,0.000462292609351475,0.000455505279034894,0.00050226244343904
"PELT inflated",78,16,0.000460704506890123,0.000457013574660629,0.00045248868778308,0.000464555052790336
"PELT inflated",79,16,0.000474038345729522,0.000465090090090181,0.000458108108108029,0.000475429435760162
"PELT inflated",80,16,0.000464942189142611,0.000452488687782737,0.000447209653092062,0.000463108974359234
"PELT inflated",81,16,0.000469243252662375,0.000455025366789968,0.000452488687782908,0.00047804230083631
"PELT inflated",82,16,0.000460235811982171,0.000457013574660801,0.000454545454545386,0.000458521870286708
"PELT inflated",83,16,0.000470461958384779,0.000457013574660629,0.00045248868778308,0.000481900452488781
"PELT inflated",84,16,0.000460615673134038,0.000455025366790054,0.00045098039215683,0.000458434457699236
"PELT inflated",85,16,0.000461922191370715,0.0004558080808082,0.00045098039215683,0.000461079116961308
"PELT inflated",86,16,0.000483396136135195,0.000484504776269585,0.000455555555555899,0.000508295625942668
"PELT inflated",87,16,0.000477807258101394,0.000461363636363578,0.000457011215091929,0.000493181818182041
"PELT inflated",88,16,0.000464642658199644,0.000458806389688806,0.000457013574660801,0.00046296962841077
"PELT inflated",89,16,0.000465327168746399,0.000460030165912615,0.000456818181818231,0.000462222222222408
"PELT inflated",90,16,0.000464388368984045,0.000458806389688806,0.000457013574660801,0.000461538461538522
"PELT inflated",91,16,0.00047808122229077,0.000461829836829744,0.000457777777778069,0.000490894922071516
"PELT inflated",92,16,0.000472309849056149,0.00046334156040034,0.000461538461538179,0.000465604003839287
"PELT inflated",93,16,0.000471550616458734,0.000464499748617457,0.000461363636363578,0.000469033902372095
"PELT inflated",94,16,0.000497103701037498,0.000494720965309334,0.000466063348416243,0.000517345399698453
"PELT inflated",95,16,0.000479335650052594,0.000465309200603461,0.000464444444444578,0.0004690799396684
"PELT inflated",96,16,0.000476223347730709,0.000466817496229196,0.000463046757164429,0.000473604826546121
"PELT inflated",97,16,0.000485607560331795,0.000469385026737953,0.000464555052790336,0.00049578020019184
"PELT inflated",98,16,0.000489199603501068,0.000471342383106918,0.000468888888888917,0.000524886877827988
"PELT inflated",99,16,0.000484787081790721,0.00047360482654595,0.000472093137254721,0.000480000000000271
"PELT inflated",100,16,0.000478644762100657,0.000472096530920214,0.000469079939668057,0.000475438776909465
"SVP AR1Focus + AR1 cost / right / c = 1.950",1,64,0.000254352011064594,0.000254464285714275,0.00025,0.0002562030075188
"SVP AR1Focus + AR1 cost / right / c = 1.950",2,64,0.118859375,0.119,0.118000000000002,0.119499999999995
"SVP AR1Focus + AR1 cost / right / c = 1.950",3,63,0.0768253968253971,0.0769999999999982,0.0760000000000076,0.0769999999999982
"SVP AR1Focus + AR1 cost / right / c = 1.950",4,64,0.0578125000000016,0.0574999999999974,0.0570000000000022,0.0580000000000069
"SVP AR1Focus + AR1 cost / right / c = 1.950",5,65,0.0453769230769216,0.0454999999999899,0.0450000000000017,0.0455000000000041
"SVP AR1Focus + AR1 cost / right / c = 1.950",6,64,0.0376406249999999,0.0375000000000085,0.0374999999999943,0.0379999999999967
"SVP AR1Focus + AR1 cost / right / c = 1.950",7,64,0.0319296875000006,0.0319999999999965,0.0319999999999965,0.0320000000000107
"SVP AR1Focus + AR1 cost / right / c = 1.950",8,64,0.0279270833333349,0.0280000000000034,0.0279999999999916,0.0280000000000058
"SVP AR1Focus + AR1 cost / right / c = 1.950",9,64,0.0245781250000009,0.0246666666666708,0.0243333333333453,0.0246666666666708
"SVP AR1Focus + AR1 cost / right / c = 1.950",10,64,0.0221510416666672,0.0220000000000103,0.0220000000000008,0.0223333333333358
"SVP AR1Focus + AR1 cost / right / c = 1.950",11,64,0.0199843750000005,0.0200000000000008,0.0200000000000008,0.0200000000000008
"SVP AR1Focus + AR1 cost / right / c = 1.950",12,64,0.0183385416666664,0.0183333333333356,0.018250000000009,0.0183333333333356
"SVP AR1Focus + AR1 cost / right / c = 1.950",13,64,0.0167656249999992,0.0167500000000018,0.0167500000000018,0.0167500000000018
"SVP AR1Focus + AR1 cost / right / c = 1.950",14,62,0.0154959677419369,0.015500000000003,0.0154999999999887,0.015500000000003
"SVP AR1Focus + AR1 cost / right / c = 1.950",15,66,0.0144431818181818,0.0144999999999982,0.0142500000000041,0.0144999999999982
"SVP AR1Focus + AR1 cost / right / c = 1.950",16,64,0.0135023437499996,0.0134999999999934,0.0134999999999934,0.0135000000000076
"SVP AR1Focus + AR1 cost / right / c = 1.950",17,64,0.0126499999999997,0.0125999999999976,0.0125999999999976,0.0126999999999953
"SVP AR1Focus + AR1 cost / right / c = 1.950",18,64,0.0119562499999994,0.0119999999999891,0.0119999999999891,0.0120000000000118
"SVP AR1Focus + AR1 cost / right / c = 1.950",19,64,0.0112526041666654,0.011200000000008,0.0111999999999853,0.0113333333333306
"SVP AR1Focus + AR1 cost / right / c = 1.950",20,64,0.0107234375000006,0.0106666666666797,0.0106666666666608,0.0106666666666797
"SVP AR1Focus + AR1 cost / right / c = 1.950",21,64,0.0101468749999995,0.0101666666666726,0.0101666666666726,0.0101666666666726
"SVP AR1Focus + AR1 cost / right / c = 1.950",22,64,0.00968683035714324,0.00966666666666545,0.00966666666666545,0.00971428571428338
"SVP AR1Focus + AR1 cost / right / c = 1.950",23,64,0.00923028273809343,0.00916666666667728,0.00916666666665833,0.00928571428570584
"SVP AR1Focus + AR1 cost / right / c = 1.950",24,64,0.00884561011904747,0.00885714285714455,0.00885714285714455,0.00885714285714455
"SVP AR1Focus + AR1 cost / right / c = 1.950",25,64,0.00844419642857121,0.00842857142856701,0.00842857142856701,0.00842857142858325
"SVP AR1Focus + AR1 cost / right / c = 1.950",26,64,0.00809821428571514,0.00814285714285948,0.00807142857142448,0.00814285714285948
"SVP AR1Focus + AR1 cost / right / c = 1.950",27,64,0.00778571428571441,0.00771428571429819,0.00771428571428195,0.00785714285713571
"SVP AR1Focus + AR1 cost / right / c = 1.950",28,64,0.00748995535714255,0.00742857142857442,0.00742857142857442,0.00750000000000028
"SVP AR1Focus + AR1 cost / right / c = 1.950",29,64,0.00724274553571491,0.00724999999999909,0.00724999999999909,0.00724999999999909
"SVP AR1Focus + AR1 cost / right / c = 1.950",30,64,0.00696595982142994,0.00699999999999384,0.00692857142857,0.007000000000005
"SVP AR1Focus + AR1 cost / right / c = 1.950",31,64,0.0067284040178577,0.0067499999999967,0.00674999999998249,0.0067499999999967
"SVP AR1Focus + AR1 cost / right / c = 1.950",32,64,0.00650351562500031,0.0064999999999884,0.0064999999999884,0.00650000000000546
"SVP AR1Focus + AR1 cost / right / c = 1.950",33,64,0.00630117187500288,0.00627500000000509,0.00625000000000853,0.00630000000001019
"SVP AR1Focus + AR1 cost / right / c = 1.950",34,64,0.00609140624999975,0.00609999999999218,0.00609999999999218,0.00610000000001492
"SVP AR1Focus + AR1 cost / right / c = 1.950",35,64,0.0058935546875015,0.00589999999999691,0.00589999999999691,0.00589999999999691
"SVP AR1Focus + AR1 cost / right / c = 1.950",36,64,0.00573105468750081,0.00570000000000164,0.00570000000000164,0.00570000000000164
"SVP AR1Focus + AR1 cost / right / c = 1.950",37,64,0.00554907670454486,0.0055227272727269,0.00550000000000637,0.005600000000004
"SVP AR1Focus + AR1 cost / right / c = 1.950",38,64,0.0053668797348493,0.00536363636363355,0.00533333333333985,0.00539999999998599
"SVP AR1Focus + AR1 cost / right / c = 1.950",39,64,0.00522241950757542,0.00520000000001346,0.00519999999999072,0.00520000000001346
"SVP AR1Focus + AR1 cost / right / c = 1.950",40,64,0.00508165246212349,0.00509090909090239,0.00508333333333629,0.00509090909091273
"SVP AR1Focus + AR1 cost / right / c = 1.950",41,64,0.00494772727272449,0.00491666666666409,0.00490909090909885,0.004950000000008
"SVP AR1Focus + AR1 cost / right / c = 1.950",42,64,0.00481586174242091,0.00481818181817124,0.00481818181817124,0.00483333333333273
"SVP AR1Focus + AR1 cost / right / c = 1.950",43,64,0.00468920454545119,0.00466666666667,0.00466666666667,0.00472727272726429
"SVP AR1Focus + AR1 cost / right / c = 1.950",44,64,0.00458125338203466,0.00458333333333864,0.0045773809523864,0.00458333333333864
"SVP AR1Focus + AR1 cost / right / c = 1.950",45,64,0.00445836715368162,0.00445454545454347,0.00442857142858039,0.00449999999999103
"SVP AR1Focus + AR1 cost / right / c = 1.950",46,64,0.00435164705086958,0.00433333333334455,0.00433333333334455,0.00435714285714539
"SVP AR1Focus + AR1 cost / right / c = 1.950",47,64,0.00425202922077946,0.00425000000000371,0.00422727272726578,0.00427272727272959
"SVP AR1Focus + AR1 cost / right / c = 1.950",48,64,0.00414935064935263,0.00414285714285662,0.00414285714285662,0.00414285714285662
"SVP AR1Focus + AR1 cost / right / c = 1.950",49,64,0.00404691727543352,0.00404545454546223,0.00404166666666583,0.00407142857142974
"SVP AR1Focus + AR1 cost / right / c = 1.950",50,64,0.00396695752164537,0.00395833333333447,0.00395454545454496,0.00399999999998662
"SVP AR1Focus + AR1 cost / right / c = 1.950",51,64,0.00388162878787882,0.00386363636363802,0.00385714285714909,0.00387500000000311
"SVP AR1Focus + AR1 cost / right / c = 1.950",52,64,0.0037954122700214,0.00378571428572221,0.00378571428570597,0.00378571428572221
"SVP AR1Focus + AR1 cost / right / c = 1.950",53,64,0.0037048413825749,0.00371428571427909,0.00371428571427909,0.00371428571427909
"SVP AR1Focus + AR1 cost / right / c = 1.950",54,64,0.0036386651999318,0.00364285714285221,0.00364285714285221,0.00364285714285221
"SVP AR1Focus + AR1 cost / right / c = 1.950",55,64,0.00355727208646946,0.00355357142857266,0.0035357142857199,0.00357142857143344
"SVP AR1Focus + AR1 cost / right / c = 1.950",56,64,0.00346877937030039,0.003464285714285,0.003464285714285,0.003464285714285
"SVP AR1Focus + AR1 cost / right / c = 1.950",57,64,0.00340533952067647,0.00339285714285812,0.00339285714285812,0.00342105263156985
"SVP AR1Focus + AR1 cost / right / c = 1.950",58,64,0.00334013745300822,0.0033392857142839,0.00332142857143123,0.00335714285714468
"SVP AR1Focus + AR1 cost / right / c = 1.950",59,64,0.00328806390977482,0.00328571428571779,0.00327443609022656,0.0033157894736776
"SVP AR1Focus + AR1 cost / right / c = 1.950",60,64,0.00322121710526288,0.00321428571429091,0.00321428571427467,0.00321428571429091
"SVP AR1Focus + AR1 cost / right / c = 1.950",61,64,0.0031552220394733,0.00315789473683923,0.00315037593985163,0.00315789473683923
"SVP AR1Focus + AR1 cost / right / c = 1.950",62,64,0.00310229675751803,0.00310526315789311,0.00310526315788114,0.00310526315790508
"SVP AR1Focus + AR1 cost / right / c = 1.950",63,64,0.00304349741541369,0.00305263157894699,0.00303571428571558,0.00305263157894699
"SVP AR1Focus + AR1 cost / right / c = 1.950",64,64,0.00298414003759319,0.0029999999999889,0.0029642857142887,0.00299999999999402
"SVP AR1Focus + AR1 cost / right / c = 1.950",65,64,0.0029343867481217,0.00294736842104277,0.00292857142856714,0.00294736842105474
"SVP AR1Focus + AR1 cost / right / c = 1.950",66,64,0.00288980263157731,0.00289473684209665,0.00289285714286182,0.00289473684209665
"SVP AR1Focus + AR1 cost / right / c = 1.950",67,64,0.00283435150375917,0.00284210526316249,0.00284210526313856,0.00284210526316249
"SVP AR1Focus + AR1 cost / right / c = 1.950",68,64,0.00279144149436348,0.0027894736842044,0.0027894736842044,0.00278947368422833
"SVP AR1Focus + AR1 cost / right / c = 1.950",69,64,0.00274812030075247,0.00273684210527024,0.00273684210527024,0.00273684210527024
"SVP AR1Focus + AR1 cost / right / c = 1.950",70,64,0.00269034891917271,0.00268421052631215,0.00268421052631215,0.00268421052631215
"SVP AR1Focus + AR1 cost / right / c = 1.950",71,64,0.00262996358082981,0.00263157894737799,0.00263157894736603,0.00263157894737799
"SVP AR1Focus + AR1 cost / right / c = 1.950",72,64,0.00257134046052778,0.00255263157895283,0.00255263157894086,0.0025789473684199
"SVP AR1Focus + AR1 cost / right / c = 1.950",73,64,0.00252073543233068,0.00252631578947378,0.0025000000000067,0.00252631578947378
"SVP AR1Focus + AR1 cost / right / c = 1.950",74,64,0.00247136395676788,0.00247368421052766,0.00246052631578813,0.00247368421052766
"SVP AR1Focus + AR1 cost / right / c = 1.950",75,64,0.00244193491541287,0.00244736842104861,0.00242481203008025,0.00244736842104861
"SVP AR1Focus + AR1 cost / right / c = 1.950",76,64,0.00240372415413605,0.00239473684210847,0.00239473684210249,0.00242105263158153
"SVP AR1Focus + AR1 cost / right / c = 1.950",77,64,0.00237332589285739,0.00236842105263541,0.00236842105263541,0.0023928571428574
"SVP AR1Focus + AR1 cost / right / c = 1.950",78,64,0.00233852208646643,0.00234210526315636,0.00233176691729344,0.00234210526316235
"SVP AR1Focus + AR1 cost / right / c = 1.950",79,64,0.00230783012218119,0.00231578947367732,0.00228947368421024,0.00231578947368928
"SVP AR1Focus + AR1 cost / right / c = 1.950",80,64,0.00226865014097847,0.00226315789474316,0.00226315789473119,0.00228571428571708
"SVP AR1Focus + AR1 cost / right / c = 1.950",81,64,0.00223719454887181,0.00223684210526412,0.00221428571429832,0.00223684210526412
"SVP AR1Focus + AR1 cost / right / c = 1.950",82,64,0.00221581296992461,0.00221428571428208,0.00221052631579105,0.00221428571429832
"SVP AR1Focus + AR1 cost / right / c = 1.950",83,64,0.00218711818609135,0.00218421052631799,0.00217857142857676,0.00219736842105153
"SVP AR1Focus + AR1 cost / right / c = 1.950",84,64,0.00215498707706708,0.00215037593984707,0.00213157894737187,0.00215789473683895
"SVP AR1Focus + AR1 cost / right / c = 1.950",85,64,0.00212814262218087,0.00213157894736588,0.00210526315790479,0.00214285714285519
"SVP AR1Focus + AR1 cost / right / c = 1.950",86,64,0.00210059328007586,0.00210526315789282,0.00210526315789282,0.00210714285713363
"SVP AR1Focus + AR1 cost / right / c = 1.950",87,64,0.00206658247180429,0.00207142857142831,0.0020526315789467,0.00207142857142831
"SVP AR1Focus + AR1 cost / right / c = 1.950",88,64,0.00204364426691828,0.0020526315789467,0.00203571428570675,0.0020526315789467
"SVP AR1Focus + AR1 cost / right / c = 1.950",89,64,0.00201509633458736,0.00202631578946765,0.002000000000001,0.00203571428570675
"SVP AR1Focus + AR1 cost / right / c = 1.950",90,64,0.00199703359962354,0.00200000000000143,0.00199999999999288,0.00200000000000143
"SVP AR1Focus + AR1 cost / right / c = 1.950",91,64,0.00196343397556322,0.00196428571427987,0.00196428571427987,0.00196898496240882
"SVP AR1Focus + AR1 cost / right / c = 1.950",92,64,0.00194407894736817,0.00194736842105445,0.00192857142857455,0.00195582706766716
"SVP AR1Focus + AR1 cost / right / c = 1.950",93,64,0.00193065671992391,0.00192857142857455,0.00192857142855831,0.00192857142857455
"SVP AR1Focus + AR1 cost / right / c = 1.950",94,64,0.00190113956766924,0.00189285714286923,0.00189285714285299,0.00189506578947667
"SVP AR1Focus + AR1 cost / right / c = 1.950",95,64,0.00187552866541399,0.00186842105264125,0.00185714285714766,0.00189285714285299
"SVP AR1Focus + AR1 cost / right / c = 1.950",96,64,0.00185552749060116,0.00185714285714766,0.00185714285713142,0.00185714285714766
"SVP AR1Focus + AR1 cost / right / c = 1.950",97,64,0.00183687734962398,0.0018421052631622,0.0018214285714261,0.00185714285713142
"SVP AR1Focus + AR1 cost / right / c = 1.950",98,64,0.00182389567669163,0.0018214285714261,0.0018214285714261,0.0018214285714261
"SVP AR1Focus + AR1 cost / right / c = 1.950",99,64,0.00179286595394882,0.00178571428572078,0.00178571428572078,0.00178947368420411
"SVP AR1Focus + AR1 cost / right / c = 1.950",100,64,0.00176995711936321,0.00176785714286,0.00176315789473703,0.00178571428572078
