"method","k","replicates","mean_time","median_time","lower","upper"
"PELT",0,12,0.0727083333333333,0.085,0.0525,0.0900000000000001
"PELT",1,12,0.0460833333333333,0.0457500000000001,0.0442499999999999,0.0489999999999998
"PELT",2,12,0.0263333333333333,0.0259999999999998,0.0240000000000001,0.0290000000000001
"PELT",3,12,0.0216944444444444,0.0213333333333334,0.0203333333333333,0.0225416666666667
"PELT",4,12,0.0177916666666667,0.017125,0.0164583333333335,0.0190833333333334
"PELT",5,12,0.0139652777777778,0.0141249999999999,0.0131250000000001,0.0145833333333332
"PELT",6,12,0.0125736111111112,0.0124500000000001,0.0118124999999999,0.0130166666666667
"PELT",7,12,0.0110319444444444,0.0110625,0.0107749999999999,0.0111833333333333
"PELT",8,12,0.0100555555555556,0.0100000000000001,0.00991666666666661,0.01025
"PELT",9,12,0.00908511904761903,0.00900000000000001,0.00881666666666655,0.00916666666666662
"PELT",10,12,0.00817638888888889,0.00818333333333333,0.00807142857142854,0.00828571428571426
"PELT",11,12,0.00773660714285698,0.0077142857142855,0.00757142857142818,0.00785714285714282
"PELT",12,12,0.00730505952380956,0.00714285714285724,0.00704166666666669,0.00753571428571434
"PELT",13,12,0.00680386904761896,0.00671428571428567,0.00664285714285714,0.00686607142857141
"PELT",14,12,0.00633571428571427,0.00629285714285712,0.00625000000000009,0.00643749999999981
"PELT",15,12,0.00593958333333336,0.0058874999999998,0.00580625000000017,0.00599553571428582
"PELT",16,12,0.00611726190476186,0.00578749999999997,0.00564374999999997,0.00653571428571428
"PELT",17,12,0.00533467261904757,0.00532857142857144,0.0052857142857144,0.00538749999999988
"PELT",18,12,0.00513955176767673,0.00509166666666658,0.00503125000000008,0.00519999999999996
"PELT",19,12,0.0048888888888889,0.00487499999999992,0.00483333333333332,0.0049270833333334
"PELT",20,12,0.00464807449494944,0.00463636363636317,0.00459166666666686,0.00467708333333346
"PELT",21,12,0.00455730970418478,0.00452272727272723,0.00446875000000002,0.0045669642857143
"PELT",22,12,0.00446618867243867,0.00436038961038969,0.0043333333333333,0.00443181818181803
"PELT",23,12,0.00418755411255425,0.00416666666666702,0.00414642857142852,0.00420714285714285
"PELT",24,12,0.00403415404040409,0.0040435606060606,0.00399999999999993,0.0040704545454547
"PELT",25,12,0.00389240620490624,0.0038603896103897,0.003857142857143,0.00392857142857141
"PELT",26,12,0.00376781204906207,0.00378571428571434,0.00374999999999989,0.00378869047619065
"PELT",27,12,0.00371160714285716,0.00371130952380948,0.00364285714285728,0.00371428571428594
"PELT",28,12,0.00357490316700844,0.00357518796992497,0.00353571428571442,0.00360714285714282
"PELT",29,12,0.00351127819548875,0.00349999999999996,0.00348684210526321,0.00353101503759393
"PELT",30,12,0.00337338137009193,0.00338063909774434,0.00336278195488724,0.00339285714285723
"PELT",31,12,0.00348272670312152,0.00331578947368434,0.00327922077922082,0.00344736842105282
"PELT",32,12,0.00319533208020046,0.00321052631578947,0.00316823308270693,0.00321052631578947
"PELT",33,12,0.0031655701754386,0.00314285714285718,0.00310526315789461,0.00316823308270693
"PELT",34,12,0.0031557017543859,0.00306203007518794,0.00305263157894736,0.00310620300751866
"PELT",35,12,0.00298245614035089,0.0029999999999998,0.00294736842105287,0.00300000000000011
"PELT",36,12,0.00294157268170424,0.00294736842105249,0.00289473684210525,0.00295582706766926
"PELT",37,12,0.00287306808688383,0.00289473684210525,0.00284210526315782,0.00289473684210525
"PELT",38,12,0.0028194634313055,0.00282142857142859,0.00278947368421075,0.00284210526315763
"PELT",39,12,0.00276723057644116,0.00273684210526314,0.00273684210526314,0.00278571428571439
"PELT",40,12,0.002700173729779,0.00268421052631589,0.00268421052631589,0.00272077922077928
"PELT",41,12,0.00277459273182964,0.00268421052631589,0.00267857142857153,0.00269736842105261
"PELT",42,12,0.0027791353383459,0.00264285714285707,0.00263157894736846,0.00267105263157899
"PELT",43,12,0.00267669172932333,0.00260526315789484,0.00259210526315793,0.0026250000000001
"PELT",44,12,0.00267935463659152,0.0025526315789474,0.00253571428571421,0.00257142857142867
"PELT",45,12,0.00258348997493745,0.00250000000000026,0.00250000000000012,0.00252631578947378
"PELT",46,12,0.00254808897243113,0.00247368421052616,0.00246428571428581,0.00248684210526325
"PELT",47,12,0.00251488095238099,0.00244736842105272,0.00242857142857135,0.00245582706766927
"PELT",48,12,0.00257910401002515,0.00239473684210529,0.0023928571428574,0.00249154135338347
"PELT",49,12,0.0025067355889725,0.00236842105263167,0.00235714285714295,0.00243327067669171
"PELT",50,12,0.00234163533834587,0.00234210526315786,0.00233176691729317,0.00234962406015059
"PELT",51,12,0.00242355889724312,0.00232142857142849,0.00230263157894752,0.00234492481202989
"PELT",52,12,0.00243060776942357,0.00228571428571403,0.0022631578947368,0.00228759398496239
"PELT",53,12,0.00235745614035094,0.00225000000000009,0.0022255639097745,0.00234116541353401
"PELT",54,12,0.00227725563909776,0.00221428571428563,0.00221052631578956,0.00221428571428588
"PELT",55,12,0.00228775062656646,0.00218421052631575,0.00217857142857168,0.00221428571428563
"PELT",56,12,0.00230968045112778,0.00215789473684194,0.00214285714285722,0.00215789473684231
"PELT",57,12,0.00215225563909769,0.0021315789473685,0.00211936090225563,0.00214285714285722
"PELT",58,12,0.00210682957393484,0.00210714285714277,0.00210620300751873,0.00210714285714277
"PELT",59,12,0.0020839598997493,0.00207518796992485,0.00207142857142857,0.00210714285714277
"PELT",60,12,0.00206046365914779,0.00205263157894745,0.00205263157894726,0.00207142857142857
"PELT",61,12,0.00205012531328329,0.00203571428571436,0.00203571428571436,0.0020441729323309
"PELT",62,12,0.00201174812030076,0.00200000000000041,0.00199999999999991,0.00202631578947364
"PELT",63,12,0.00209288847117798,0.00199999999999991,0.00198684210526311,0.00200000000000016
"PELT",64,12,0.0019628759398497,0.00196428571428596,0.0019642857142857,0.00196428571428596
"PELT",65,12,0.00195332080200511,0.0019642857142857,0.00193796992481204,0.00196428571428596
"PELT",66,12,0.00192888471177942,0.0019285714285715,0.00192857142857099,0.0019285714285715
"PELT",67,12,0.0019309210526316,0.0019285714285715,0.00190695488721816,0.0019285714285715
"PELT",68,12,0.00190476190476195,0.00189285714285705,0.00189285714285705,0.00189285714285755
"PELT",69,12,0.00188690476190485,0.00189285714285705,0.0018571428571431,0.00189285714285755
"PELT",70,12,0.00185510651629089,0.0018571428571431,0.0018571428571431,0.0018571428571431
"PELT",71,12,0.00184523809523815,0.00182142857142864,0.00182142857142864,0.0018571428571431
"PELT",72,12,0.00189082080200501,0.00183928571428561,0.00182142857142864,0.00194642857142873
"PELT",73,12,0.00185369674185478,0.00181860902255646,0.00179464285714305,0.00182142857142864
"PELT",74,12,0.00181250000000005,0.00181250000000003,0.00178571428571456,0.00182142857142864
"PELT",75,12,0.00179315476190482,0.0017767857142857,0.00176785714285721,0.00178571428571456
"PELT",76,12,0.00179315476190478,0.00176785714285721,0.00176785714285708,0.00182142857142864
"PELT",77,12,0.00179840367965366,0.00174999999999998,0.00174999999999998,0.00175681818181812
"PELT",78,12,0.00175744047619054,0.00174107142857149,0.00173214285714288,0.00176785714285721
"PELT",79,12,0.00172620329232168,0.00172321428571427,0.00171428571428565,0.00173449248120293
"PELT",80,12,0.00171428571428572,0.00171428571428578,0.00171428571428553,0.00171428571428578
"PELT",81,12,0.00177851731601736,0.00171168831168842,0.00169642857142868,0.00179464285714293
"PELT",82,12,0.00168257575757581,0.00167857142857158,0.00167857142857132,0.00169366883116898
"PELT",83,12,0.00170292207792215,0.00167857142857132,0.0016607142857146,0.0017025974025976
"PELT",84,12,0.00176885822510833,0.0016607142857146,0.00166071428571435,0.00167857142857132
"PELT",85,12,0.00166892088174985,0.00165930451127832,0.00164285714285712,0.00166672077922106
"PELT",86,12,0.00164940476190487,0.00164285714285737,0.00162500000000015,0.00164870129870149
"PELT",87,12,0.00162543290043294,0.00162500000000015,0.00162499999999964,0.00162500000000015
"PELT",88,12,0.00169418290043295,0.00162159090909072,0.00161266233766236,0.00166085633116889
"PELT",89,12,0.00161103896103899,0.00160714285714292,0.00160714285714292,0.00161826704545452
"PELT",90,12,0.00161740288220559,0.00160620300751892,0.00158928571428569,0.00163392857142876
"PELT",91,12,0.00159434523809519,0.00159464285714279,0.00158928571428569,0.00159999999999989
"PELT",92,12,0.00166623376623367,0.0016035714285714,0.00157662337662322,0.00168181818181794
"PELT",93,12,0.00158000541125539,0.00157662337662348,0.00157142857142846,0.00158928571428569
"PELT",94,12,0.00158317099567104,0.00157142857142846,0.00155357142857174,0.00158928571428569
"PELT",95,12,0.00155992965367953,0.00155357142857149,0.00155357142857123,0.00156363636363608
"PELT",96,12,0.0016585768398268,0.00155357142857174,0.00155357142857123,0.00157646103896088
"PELT",97,12,0.00155603354978355,0.00154951298701296,0.00153571428571426,0.00155357142857174
"PELT",98,12,0.00155208333333339,0.00153571428571451,0.00153571428571401,0.00157142857142872
"PELT",99,12,0.00154705086580088,0.00153571428571401,0.00151785714285728,0.0015625000000001
"PELT",100,12,0.00161920995670999,0.00152727272727279,0.00151785714285728,0.00153571428571451
"SVP Gaussian / both / c = 1.987",0,12,2.06908333333333,2.06999999999999,2.04399999999998,2.0925
"SVP Gaussian / both / c = 1.987",1,12,0.992166666666667,0.990000000000009,0.988499999999988,0.999000000000024
"SVP Gaussian / both / c = 1.987",2,12,0.646416666666662,0.645999999999987,0.639500000000027,0.650999999999982
"SVP Gaussian / both / c = 1.987",3,12,0.475583333333328,0.476499999999987,0.472000000000008,0.477000000000032
"SVP Gaussian / both / c = 1.987",4,12,0.376166666666649,0.375499999999988,0.37299999999999,0.379999999999995
"SVP Gaussian / both / c = 1.987",5,12,0.306666666666677,0.307000000000016,0.304500000000019,0.307999999999993
"SVP Gaussian / both / c = 1.987",6,12,0.259416666666671,0.258999999999986,0.258000000000038,0.260500000000008
"SVP Gaussian / both / c = 1.987",7,12,0.226083333333335,0.225500000000011,0.224999999999966,0.227499999999992
"SVP Gaussian / both / c = 1.987",8,12,0.19908333333332,0.198999999999955,0.197499999999991,0.200499999999977
"SVP Gaussian / both / c = 1.987",9,12,0.17625000000001,0.176500000000033,0.1755,0.177000000000021
"SVP Gaussian / both / c = 1.987",10,12,0.159833333333315,0.160000000000025,0.15949999999998,0.160999999999945
"SVP Gaussian / both / c = 1.987",11,12,0.144666666666656,0.144499999999994,0.144000000000005,0.14549999999997
"SVP Gaussian / both / c = 1.987",12,12,0.133583333333358,0.134000000000015,0.13250000000005,0.134500000000003
"SVP Gaussian / both / c = 1.987",13,12,0.123000000000009,0.123000000000047,0.122000000000014,0.124000000000024
"SVP Gaussian / both / c = 1.987",14,12,0.113833333333351,0.114000000000033,0.113000000000056,0.114500000000021
"SVP Gaussian / both / c = 1.987",15,12,0.106500000000011,0.10650000000004,0.105999999999995,0.107000000000028
"SVP Gaussian / both / c = 1.987",16,12,0.0996666666666594,0.0995000000000346,0.0989999999999327,0.100999999999999
"SVP Gaussian / both / c = 1.987",17,12,0.0938333333333314,0.0935000000000059,0.0930000000000177,0.0944999999999823
"SVP Gaussian / both / c = 1.987",18,12,0.0884166666666791,0.0880000000000791,0.0879999999999654,0.0889999999999986
"SVP Gaussian / both / c = 1.987",19,12,0.0835000000000055,0.083500000000015,0.08299999999997,0.08400000000006
"SVP Gaussian / both / c = 1.987",20,12,0.0793333333333237,0.0790000000000077,0.0789999999999509,0.0799999999999841
"SVP Gaussian / both / c = 1.987",21,12,0.0787500000000136,0.0750000000000455,0.0749999999999886,0.0760000000000218
"SVP Gaussian / both / c = 1.987",22,12,0.0718333333333305,0.0720000000000027,0.0710000000000264,0.0720000000000027
"SVP Gaussian / both / c = 1.987",23,12,0.0689166666666665,0.06899999999996,0.0679999999999836,0.0695000000000618
"SVP Gaussian / both / c = 1.987",24,12,0.0657499999999895,0.0659999999999172,0.0650000000000546,0.0660000000000309
"SVP Gaussian / both / c = 1.987",25,12,0.0631666666666604,0.0629999999999882,0.0629999999999882,0.0635000000000332
"SVP Gaussian / both / c = 1.987",26,12,0.0604166666666686,0.0600000000000591,0.0599999999999454,0.0610000000000355
"SVP Gaussian / both / c = 1.987",27,12,0.05783333333333,0.0579999999999927,0.0570000000000164,0.0579999999999927
"SVP Gaussian / both / c = 1.987",28,12,0.0560833333333335,0.05600000000004,0.0559999999999263,0.05600000000004
"SVP Gaussian / both / c = 1.987",29,12,0.0544166666666683,0.0539999999999736,0.0539999999999736,0.0550000000000637
"SVP Gaussian / both / c = 1.987",30,12,0.0524999999999996,0.0520000000000209,0.0520000000000209,0.0529999999999973
"SVP Gaussian / both / c = 1.987",31,12,0.0504583333333528,0.0507499999999652,0.0500000000000114,0.0510000000000446
"SVP Gaussian / both / c = 1.987",32,12,0.0487916666666734,0.0487499999999841,0.04849999999999,0.049000000000035
"SVP Gaussian / both / c = 1.987",33,12,0.0473750000000024,0.0472499999999911,0.0470000000000255,0.0475000000000136
"SVP Gaussian / both / c = 1.987",34,12,0.0457083333333278,0.0455000000000041,0.0455000000000041,0.0459999999999923
"SVP Gaussian / both / c = 1.987",35,12,0.0446249999999964,0.0445000000000277,0.0440000000000111,0.0452499999999532
"SVP Gaussian / both / c = 1.987",36,12,0.042916666666675,0.0430000000000064,0.0425000000000182,0.0430000000000064
"SVP Gaussian / both / c = 1.987",37,12,0.0421249999999939,0.0420000000000016,0.0417499999999791,0.0425000000000182
"SVP Gaussian / both / c = 1.987",38,12,0.0406249999999867,0.0405000000000086,0.0404999999999518,0.0407500000000027
"SVP Gaussian / both / c = 1.987",39,12,0.0397500000000074,0.039749999999998,0.0392500000000098,0.0400000000000205
"SVP Gaussian / both / c = 1.987",40,12,0.0387083333333322,0.0384999999999991,0.0384999999999991,0.0389999999999873
"SVP Gaussian / both / c = 1.987",41,12,0.0376249999999961,0.0374999999999943,0.0374999999999659,0.0377500000000168
"SVP Gaussian / both / c = 1.987",42,12,0.0367499999999978,0.036500000000018,0.0364999999999895,0.0370000000000061
"SVP Gaussian / both / c = 1.987",43,12,0.0357083333333369,0.0355000000000132,0.0355000000000132,0.0360000000000014
"SVP Gaussian / both / c = 1.987",44,12,0.035333333333341,0.035000000000025,0.0349999999999966,0.0357500000000073
"SVP Gaussian / both / c = 1.987",45,12,0.0342083333333344,0.0339999999999918,0.0339999999999918,0.03449999999998
"SVP Gaussian / both / c = 1.987",46,12,0.0338750000000137,0.0337499999999977,0.0332500000000095,0.0345000000000368
"SVP Gaussian / both / c = 1.987",47,12,0.032708333333332,0.0325000000000273,0.0324999999999704,0.0330000000000155
"SVP Gaussian / both / c = 1.987",48,12,0.0321250000000219,0.0320000000000391,0.0320000000000107,0.0324999999999989
"SVP Gaussian / both / c = 1.987",49,12,0.0313333333333314,0.0314999999999941,0.0310000000000059,0.0314999999999941
"SVP Gaussian / both / c = 1.987",50,12,0.0307083333333414,0.0307500000000118,0.0305000000000177,0.0310000000000059
"SVP Gaussian / both / c = 1.987",51,12,0.0303749999999875,0.0302499999999952,0.0299999999999727,0.0307499999999834
"SVP Gaussian / both / c = 1.987",52,12,0.0297083333333414,0.0295000000000414,0.0294999999999845,0.0300000000000296
"SVP Gaussian / both / c = 1.987",53,12,0.0292083333333485,0.0290000000000248,0.0289999999999964,0.029750000000007
"SVP Gaussian / both / c = 1.987",54,12,0.0288333333333384,0.0289999999999964,0.0285000000000082,0.0289999999999964
"SVP Gaussian / both / c = 1.987",55,12,0.0279166666666792,0.0279999999999916,0.0275000000000318,0.02800000000002
"SVP Gaussian / both / c = 1.987",56,12,0.0273055555555588,0.0274166666666531,0.0270000000000247,0.0275000000000034
"SVP Gaussian / both / c = 1.987",57,12,0.0268888888888846,0.0268333333333336,0.0266666666666614,0.0270000000000058
"SVP Gaussian / both / c = 1.987",58,12,0.026500000000005,0.0264999999999986,0.0263333333333549,0.0266666666666424
"SVP Gaussian / both / c = 1.987",59,12,0.0259444444444467,0.0259999999999915,0.0256666666666661,0.0260000000000105
"SVP Gaussian / both / c = 1.987",60,12,0.0255277777777678,0.0256666666666661,0.0253333333333027,0.0256666666666661
"SVP Gaussian / both / c = 1.987",61,12,0.0251388888888881,0.0251666666666589,0.0249999999999773,0.0253333333333406
"SVP Gaussian / both / c = 1.987",62,12,0.0247777777777982,0.0246666666666897,0.0246666666666897,0.0248333333333524
"SVP Gaussian / both / c = 1.987",63,12,0.0243055555555492,0.0243333333332885,0.0243333333332885,0.0243333333333643
"SVP Gaussian / both / c = 1.987",64,12,0.023944444444434,0.023999999999963,0.0238333333333003,0.0240000000000388
"SVP Gaussian / both / c = 1.987",65,12,0.023472222222204,0.0233333333333121,0.0233333333333121,0.0236666666666755
"SVP Gaussian / both / c = 1.987",66,12,0.0231944444444328,0.0231666666666494,0.0229999999999867,0.0233333333333121
"SVP Gaussian / both / c = 1.987",67,12,0.0227500000000052,0.0226666666666612,0.0226666666666612,0.0229999999999867
"SVP Gaussian / both / c = 1.987",68,12,0.0223611111111066,0.0223333333333358,0.0221666666666351,0.0224999999999985
"SVP Gaussian / both / c = 1.987",69,12,0.0222222222222336,0.022166666666673,0.0220000000000103,0.0223333333333358
"SVP Gaussian / both / c = 1.987",70,12,0.0219166666666537,0.0219999999999724,0.021666666666647,0.0220000000000103
"SVP Gaussian / both / c = 1.987",71,12,0.0214444444444489,0.0213333333333594,0.0213333333333215,0.0215000000000221
"SVP Gaussian / both / c = 1.987",72,12,0.0212500000000154,0.0213333333333215,0.021000000000034,0.0213333333333594
"SVP Gaussian / both / c = 1.987",73,12,0.0209444444444102,0.0209999999999582,0.0208333333332954,0.0209999999999582
"SVP Gaussian / both / c = 1.987",74,12,0.0205000000000016,0.0205000000000079,0.0203333333333073,0.0206666666667085
"SVP Gaussian / both / c = 1.987",75,12,0.0201944444444343,0.0203333333333073,0.0199999999999818,0.0203333333333073
"SVP Gaussian / both / c = 1.987",76,12,0.0200277777777842,0.0200000000000197,0.0198333333333191,0.0203333333333073
"SVP Gaussian / both / c = 1.987",77,12,0.0196666666666627,0.0196666666666564,0.0196666666666564,0.0196666666666564
"SVP Gaussian / both / c = 1.987",78,12,0.0196111111111211,0.0196666666666564,0.0193333333333309,0.0196666666667322
"SVP Gaussian / both / c = 1.987",79,12,0.0192222222222224,0.0193333333333309,0.0190000000000055,0.0193333333333309
"SVP Gaussian / both / c = 1.987",80,12,0.0190000000000055,0.0190000000000055,0.0190000000000055,0.0190000000000055
"SVP Gaussian / both / c = 1.987",81,12,0.0189166666666741,0.0190000000000055,0.01866666666668,0.0190000000000055
"SVP Gaussian / both / c = 1.987",82,12,0.0186249999999891,0.01866666666668,0.0185833333333107,0.01866666666668
"SVP Gaussian / both / c = 1.987",83,12,0.0184930555555509,0.0183333333333167,0.0182499999999948,0.0184166666666575
"SVP Gaussian / both / c = 1.987",84,12,0.0180000000000038,0.0180000000000291,0.0177499999999782,0.0181249999999977
"SVP Gaussian / both / c = 1.987",85,12,0.0179444444444512,0.0179999999999723,0.0175000000000409,0.0180000000000291
"SVP Gaussian / both / c = 1.987",86,12,0.0176736111111069,0.017708333333303,0.0175000000000125,0.0177500000000066
"SVP Gaussian / both / c = 1.987",87,12,0.0174513888888962,0.0174999999999841,0.0173333333333403,0.0175000000000409
"SVP Gaussian / both / c = 1.987",88,12,0.0172708333333323,0.01724999999999,0.017124999999993,0.0174999999999841
"SVP Gaussian / both / c = 1.987",89,12,0.017083333333332,0.0169999999999959,0.0169999999999959,0.017124999999993
"SVP Gaussian / both / c = 1.987",90,12,0.016895833333327,0.0167500000000018,0.0167500000000018,0.0169999999999959
"SVP Gaussian / both / c = 1.987",91,12,0.0166666666666705,0.0167500000000018,0.0165000000000077,0.0167500000000018
"SVP Gaussian / both / c = 1.987",92,12,0.0163749999999917,0.0162500000000136,0.0162499999999568,0.0165000000000077
"SVP Gaussian / both / c = 1.987",93,12,0.0163125000000027,0.0162500000000136,0.0162500000000136,0.0164999999999793
"SVP Gaussian / both / c = 1.987",94,12,0.0161249999999977,0.0160000000000196,0.0160000000000196,0.0162499999999852
"SVP Gaussian / both / c = 1.987",95,12,0.0158333333333379,0.0157500000000255,0.015749999999997,0.0158749999999941
"SVP Gaussian / both / c = 1.987",96,12,0.0159166666666598,0.015749999999997,0.0157499999999686,0.0160000000000196
"SVP Gaussian / both / c = 1.987",97,12,0.0157083333333266,0.0155000000000314,0.0154999999999745,0.015749999999997
"SVP Gaussian / both / c = 1.987",98,12,0.015395833333334,0.0153750000000059,0.0152500000000089,0.0155000000000314
"SVP Gaussian / both / c = 1.987",99,12,0.0152499999999899,0.0152499999999804,0.0152499999999804,0.0152500000000089
"SVP Gaussian / both / c = 1.987",100,12,0.0151458333333447,0.0151250000000118,0.0150000000000432,0.0152500000000089
"SVP Gaussian / none / c = 0.968",0,48,0.0872123419343761,0.0689999999999316,0.0399999999999494,0.127999999999957
"SVP Gaussian / none / c = 0.968",1,48,0.25437499999999,0.24300000000008,0.241999999999962,0.251999999999953
"SVP Gaussian / none / c = 0.968",2,48,0.308666666666621,0.305999999999813,0.304999999999836,0.307999999999993
"SVP Gaussian / none / c = 0.968",3,48,0.320249999999998,0.3185,0.317999999999984,0.319999999999993
"SVP Gaussian / none / c = 0.968",4,48,0.331083333333337,0.330000000000098,0.329999999999927,0.330999999999961
"SVP Gaussian / none / c = 0.968",5,48,0.334729166666657,0.333499999999958,0.333000000000084,0.335000000000036
"SVP Gaussian / none / c = 0.968",6,48,0.337937500000004,0.337999999999965,0.336999999999989,0.338000000000022
"SVP Gaussian / none / c = 0.968",7,48,0.339187500000004,0.338999999999942,0.338999999999942,0.339000000000169
"SVP Gaussian / none / c = 0.968",8,48,0.340333333333323,0.339999999999947,0.339999999999918,0.34050000000002
"SVP Gaussian / none / c = 0.968",9,48,0.343041666666674,0.343000000000018,0.342000000000098,0.343512500000001
"SVP Gaussian / none / c = 0.968",10,48,0.343625000000022,0.343500000000063,0.343000000000075,0.344000000000051
"SVP Gaussian / none / c = 0.968",11,48,0.343958333333321,0.343999999999937,0.343000000000075,0.344000000000051
"SVP Gaussian / none / c = 0.968",12,48,0.344812499999991,0.345000000000027,0.344000000000051,0.345000000000027
"SVP Gaussian / none / c = 0.968",13,48,0.345124999999989,0.345000000000027,0.3449999999998,0.345000000000027
"SVP Gaussian / none / c = 0.968",14,48,0.345395833333337,0.345000000000027,0.345000000000027,0.346000000000004
"SVP Gaussian / none / c = 0.968",15,48,0.345395833333347,0.345000000000027,0.345000000000027,0.346000000000004
"SVP Gaussian / none / c = 0.968",16,48,0.346166666666647,0.346000000000004,0.345000000000027,0.346499999999992
"SVP Gaussian / none / c = 0.968",17,48,0.34597916666668,0.345500000000015,0.345000000000027,0.346000000000004
"SVP Gaussian / none / c = 0.968",18,48,0.346791666666654,0.34699999999998,0.346000000000004,0.34699999999998
"SVP Gaussian / none / c = 0.968",19,48,0.345729166666677,0.345500000000015,0.345000000000027,0.346000000000004
"SVP Gaussian / none / c = 0.968",20,48,0.34622916666667,0.346000000000004,0.345000000000027,0.346000000000004
"SVP Gaussian / none / c = 0.968",21,48,0.347166666666647,0.34699999999998,0.346000000000004,0.34699999999998
"SVP Gaussian / none / c = 0.968",22,48,0.346791666666668,0.346000000000004,0.346000000000004,0.34699999999998
"SVP Gaussian / none / c = 0.968",23,48,0.346791666666682,0.34699999999998,0.346000000000004,0.34699999999998
"SVP Gaussian / none / c = 0.968",24,48,0.346875,0.346000000000004,0.346000000000004,0.347500000000082
"SVP Gaussian / none / c = 0.968",25,48,0.347958333333343,0.34699999999998,0.346000000000004,0.347500000000082
"SVP Gaussian / none / c = 0.968",26,48,0.346312500000006,0.346000000000004,0.346000000000004,0.34699999999998
"SVP Gaussian / none / c = 0.968",27,48,0.346645833333329,0.346000000000004,0.346000000000004,0.34699999999998
"SVP Gaussian / none / c = 0.968",28,48,0.346958333333331,0.346000000000004,0.346000000000004,0.34699999999998
"SVP Gaussian / none / c = 0.968",29,48,0.347458333333336,0.347499999999968,0.34699999999998,0.347999999999956
"SVP Gaussian / none / c = 0.968",30,48,0.346833333333339,0.346000000000004,0.346000000000004,0.34699999999998
"SVP Gaussian / none / c = 0.968",31,48,0.347604166666675,0.347999999999956,0.34699999999998,0.347999999999958
"SVP Gaussian / none / c = 0.968",32,48,0.348270833333342,0.347999999999956,0.34699999999998,0.34800000000007
"SVP Gaussian / none / c = 0.968",33,48,0.348104166666668,0.347999999999956,0.34699999999998,0.348999999999933
"SVP Gaussian / none / c = 0.968",34,48,0.347729166666663,0.347000000000207,0.34699999999998,0.347999999999956
"SVP Gaussian / none / c = 0.968",35,48,0.348020833333337,0.347999999999956,0.34699999999998,0.348000000000184
"SVP Gaussian / none / c = 0.968",36,48,0.348333333333327,0.347999999999956,0.347499999999968,0.347999999999956
"SVP Gaussian / none / c = 0.968",37,48,0.348395833333354,0.347999999999956,0.347000000000207,0.348999999999933
"SVP Gaussian / none / c = 0.968",38,48,0.348958333333305,0.348000000000127,0.347999999999956,0.348999999999933
"SVP Gaussian / none / c = 0.968",39,48,0.34952083333332,0.348999999999933,0.348999999999933,0.349999999999909
"SVP Gaussian / none / c = 0.968",40,48,0.349833333333336,0.349500000000035,0.348999999999933,0.350000000000136
"SVP Gaussian / none / c = 0.968",41,48,0.348833333333322,0.347999999999956,0.347999999999956,0.348999999999933
"SVP Gaussian / none / c = 0.968",42,48,0.349062499999998,0.348500000000058,0.347999999999956,0.34900000000016
"SVP Gaussian / none / c = 0.968",43,48,0.349249999999988,0.34900000000016,0.348499999999831,0.349012500000157
"SVP Gaussian / none / c = 0.968",44,48,0.349770833333369,0.34900000000016,0.34900000000016,0.349999999999909
"SVP Gaussian / none / c = 0.968",45,48,0.35035416666666,0.349999999999909,0.34900000000016,0.350000000000364
"SVP Gaussian / none / c = 0.968",46,48,0.350020833333344,0.349999999999909,0.34900000000016,0.350000000000023
"SVP Gaussian / none / c = 0.968",47,48,0.350270833333305,0.349999999999909,0.34900000000016,0.349999999999909
"SVP Gaussian / none / c = 0.968",48,48,0.350270833333331,0.349999999999909,0.34900000000016,0.350000000000364
"SVP Gaussian / none / c = 0.968",49,48,0.350604166666654,0.349999999999966,0.349999999999909,0.350999999999658
"SVP Gaussian / none / c = 0.968",50,48,0.351437500000012,0.350999999999829,0.349999999999909,0.351000000000113
"SVP Gaussian / none / c = 0.968",51,48,0.351249999999993,0.350000000000364,0.349999999999909,0.351999999999862
"SVP Gaussian / none / c = 0.968",52,48,0.350958333333343,0.350000000000364,0.349999999999909,0.351000000000113
"SVP Gaussian / none / c = 0.968",53,48,0.352187500000011,0.351000000000113,0.350500000000011,0.351999999999975
"SVP Gaussian / none / c = 0.968",54,48,0.351749999999977,0.351499999999987,0.351000000000113,0.351999999999862
"SVP Gaussian / none / c = 0.968",55,48,0.35195833333331,0.351999999999862,0.351000000000113,0.352000000000089
"SVP Gaussian / none / c = 0.968",56,48,0.352270833333345,0.351999999999862,0.351000000000113,0.352999999999952
"SVP Gaussian / none / c = 0.968",57,48,0.352583333333366,0.352000000000317,0.351999999999862,0.353000000000065
"SVP Gaussian / none / c = 0.968",58,48,0.352750000000029,0.352000000000317,0.351999999999862,0.353000000000065
"SVP Gaussian / none / c = 0.968",59,48,0.352583333333366,0.352000000000317,0.351999999999862,0.353000000000065
"SVP Gaussian / none / c = 0.968",60,48,0.352874999999997,0.353000000000065,0.351999999999862,0.353000000000065
"SVP Gaussian / none / c = 0.968",61,48,0.353395833333323,0.352999999999781,0.352000000000317,0.353000000000065
"SVP Gaussian / none / c = 0.968",62,48,0.354458333333319,0.354000000000269,0.353000000000065,0.355000000000018
"SVP Gaussian / none / c = 0.968",63,48,0.354375000000009,0.353999999999814,0.353000000000065,0.354500000000144
"SVP Gaussian / none / c = 0.968",64,48,0.3545625,0.354000000000269,0.353999999999814,0.355000000000018
"SVP Gaussian / none / c = 0.968",65,48,0.354625000000027,0.354000000000269,0.353999999999814,0.355000000000018
"SVP Gaussian / none / c = 0.968",66,48,0.355145833333381,0.354000000000269,0.354000000000269,0.355000000000018
"SVP Gaussian / none / c = 0.968",67,48,0.35508333333334,0.355000000000018,0.354000000000269,0.355499999999893
"SVP Gaussian / none / c = 0.968",68,48,0.355437499999979,0.355000000000018,0.354000000000269,0.355999999999767
"SVP Gaussian / none / c = 0.968",69,48,0.356729166666691,0.356000000000108,0.355499999999893,0.356000000000222
"SVP Gaussian / none / c = 0.968",70,48,0.355937499999996,0.355999999999767,0.355000000000018,0.356999999999971
"SVP Gaussian / none / c = 0.968",71,48,0.356354166666681,0.356000000000222,0.355999999999767,0.356999999999971
"SVP Gaussian / none / c = 0.968",72,48,0.356354166666691,0.356000000000222,0.355999999999767,0.356999999999971
"SVP Gaussian / none / c = 0.968",73,48,0.356270833333374,0.356000000000222,0.355000000000018,0.356999999999971
"SVP Gaussian / none / c = 0.968",74,48,0.356187500000028,0.355999999999767,0.355000000000018,0.356000000000222
"SVP Gaussian / none / c = 0.968",75,48,0.357104166666664,0.356999999999971,0.356000000000222,0.357000000000426
"SVP Gaussian / none / c = 0.968",76,48,0.357166666666643,0.356999999999971,0.356999999999971,0.357499999999845
"SVP Gaussian / none / c = 0.968",77,48,0.356250000000008,0.355999999999881,0.355000000000018,0.356000000000222
"SVP Gaussian / none / c = 0.968",78,48,0.35722916666667,0.356999999999971,0.356999999999971,0.357000000000198
"SVP Gaussian / none / c = 0.968",79,48,0.357166666666648,0.356999999999971,0.356000000000222,0.35799999999972
"SVP Gaussian / none / c = 0.968",80,48,0.357499999999992,0.356999999999971,0.356999999999971,0.357999999999947
"SVP Gaussian / none / c = 0.968",81,48,0.357354166666662,0.356999999999971,0.356999999999971,0.358000000000175
"SVP Gaussian / none / c = 0.968",82,48,0.357666666666683,0.35799999999972,0.356999999999971,0.358000000000175
"SVP Gaussian / none / c = 0.968",83,48,0.357562499999972,0.356999999999971,0.356999999999971,0.357999999999947
"SVP Gaussian / none / c = 0.968",84,48,0.357729166666649,0.35799999999972,0.356999999999971,0.358000000000175
"SVP Gaussian / none / c = 0.968",85,48,0.358916666666668,0.358000000000061,0.356999999999971,0.358999999999924
"SVP Gaussian / none / c = 0.968",86,48,0.358416666666637,0.358000000000175,0.35799999999972,0.358999999999924
"SVP Gaussian / none / c = 0.968",87,48,0.358312500000011,0.358000000000175,0.35799999999972,0.358999999999924
"SVP Gaussian / none / c = 0.968",88,48,0.358583333333305,0.358000000000175,0.35799999999972,0.359000000000151
"SVP Gaussian / none / c = 0.968",89,48,0.357270833333284,0.356999999999971,0.356000000000222,0.35799999999972
"SVP Gaussian / none / c = 0.968",90,48,0.357395833333319,0.356999999999971,0.356500000000096,0.357999999999947
"SVP Gaussian / none / c = 0.968",91,48,0.357229166666656,0.356999999999971,0.356999999999971,0.357499999999959
"SVP Gaussian / none / c = 0.968",92,48,0.357770833333352,0.356999999999971,0.356999999999971,0.358012500000171
"SVP Gaussian / none / c = 0.968",93,48,0.358395833333323,0.357999999999947,0.356999999999971,0.358999999999924
"SVP Gaussian / none / c = 0.968",94,48,0.357791666666657,0.35799999999972,0.356999999999971,0.358000000000175
"SVP Gaussian / none / c = 0.968",95,48,0.357937500000015,0.357499999999845,0.356999999999971,0.358500000000049
"SVP Gaussian / none / c = 0.968",96,48,0.35860416666668,0.358000000000175,0.358000000000175,0.358999999999924
"SVP Gaussian / none / c = 0.968",97,48,0.359041666666675,0.358999999999924,0.358999999999924,0.359500000000025
"SVP Gaussian / none / c = 0.968",98,48,0.359395833333342,0.358999999999924,0.358999999999924,0.3599999999999
"SVP Gaussian / none / c = 0.968",99,48,0.358916666666677,0.358999999999924,0.358000000000175,0.359000000000378
"SVP Gaussian / none / c = 0.968",100,48,0.359250000000031,0.358999999999924,0.358500000000049,0.360000000000127
"SVP Gaussian / right / c = 1.642",0,12,0.00107486471861478,0.00106298701298697,0.00104496753246791,0.00107272727272671
"SVP Gaussian / right / c = 1.642",1,12,0.853000000000004,0.855000000000018,0.847999999999985,0.865000000000009
"SVP Gaussian / right / c = 1.642",2,12,0.556583333333326,0.554500000000019,0.547499999999985,0.563999999999993
"SVP Gaussian / right / c = 1.642",3,12,0.41291666666667,0.413499999999999,0.409500000000008,0.415500000000009
"SVP Gaussian / right / c = 1.642",4,12,0.32983333333334,0.330499999999972,0.326500000000038,0.332999999999998
"SVP Gaussian / right / c = 1.642",5,12,0.269833333333352,0.27000000000001,0.268000000000029,0.271500000000003
"SVP Gaussian / right / c = 1.642",6,12,0.230250000000003,0.230000000000018,0.229500000000002,0.231000000000023
"SVP Gaussian / right / c = 1.642",7,12,0.201083333333334,0.200999999999993,0.199999999999989,0.201999999999998
"SVP Gaussian / right / c = 1.642",8,12,0.177749999999998,0.178499999999985,0.175999999999959,0.179000000000002
"SVP Gaussian / right / c = 1.642",9,12,0.158750000000007,0.158999999999992,0.157000000000039,0.160500000000013
"SVP Gaussian / right / c = 1.642",10,12,0.144583333333334,0.144499999999994,0.143000000000029,0.145500000000027
"SVP Gaussian / right / c = 1.642",11,12,0.131666666666651,0.131999999999948,0.130999999999972,0.132000000000062
"SVP Gaussian / right / c = 1.642",12,12,0.121583333333376,0.122000000000014,0.12050000000005,0.123000000000047
"SVP Gaussian / right / c = 1.642",13,12,0.113083333333331,0.113000000000056,0.112499999999955,0.113999999999976
"SVP Gaussian / right / c = 1.642",14,12,0.104666666666674,0.10450000000003,0.103999999999985,0.105000000000018
"SVP Gaussian / right / c = 1.642",15,12,0.0980000000000227,0.09800000000007,0.0979999999999563,0.0990000000000464
"SVP Gaussian / right / c = 1.642",16,12,0.0924166666666792,0.0920000000000414,0.0919999999999845,0.0930000000000746
"SVP Gaussian / right / c = 1.642",17,12,0.0870000000000175,0.0869999999999891,0.0860000000000127,0.0880000000000223
"SVP Gaussian / right / c = 1.642",18,12,0.0825000000000102,0.08299999999997,0.0819999999999936,0.0830000000000268
"SVP Gaussian / right / c = 1.642",19,12,0.0775000000000053,0.0779999999999745,0.0769999999999982,0.0780000000000314
"SVP Gaussian / right / c = 1.642",20,12,0.0740833333333342,0.0740000000000123,0.0734999999999673,0.0749999999999886
"SVP Gaussian / right / c = 1.642",21,12,0.070416666666669,0.07000000000005,0.0699999999999363,0.0710000000000264
"SVP Gaussian / right / c = 1.642",22,12,0.0675833333333458,0.0674999999999955,0.0670000000000073,0.0679999999999836
"SVP Gaussian / right / c = 1.642",23,12,0.0645833333333314,0.0649999999999409,0.0639999999999645,0.0650000000000546
"SVP Gaussian / right / c = 1.642",24,12,0.0618333333333491,0.0620000000000118,0.0615000000000236,0.0620000000000118
"SVP Gaussian / right / c = 1.642",25,12,0.0596666666666579,0.0599999999999454,0.0590000000000259,0.0600000000000023
"SVP Gaussian / right / c = 1.642",26,12,0.0573333333333418,0.0570000000000164,0.0570000000000164,0.0579999999999927
"SVP Gaussian / right / c = 1.642",27,12,0.0547499999999938,0.0550000000000068,0.0539999999999736,0.0550000000000637
"SVP Gaussian / right / c = 1.642",28,12,0.0534999999999949,0.0534999999999854,0.0529999999999973,0.0539999999999736
"SVP Gaussian / right / c = 1.642",29,12,0.0514166666666824,0.0510000000000446,0.0509999999999877,0.0520000000000209
"SVP Gaussian / right / c = 1.642",30,12,0.0497083333333611,0.0497500000000173,0.0492500000000291,0.0500000000000682
"SVP Gaussian / right / c = 1.642",31,12,0.0478333333333344,0.0477500000000077,0.0475000000000136,0.0480000000000018
"SVP Gaussian / right / c = 1.642",32,12,0.0463333333333367,0.0464999999999804,0.0459999999999923,0.0465000000000096
"SVP Gaussian / right / c = 1.642",33,12,0.044999999999997,0.0449999999999875,0.0445000000000277,0.04525000000001
"SVP Gaussian / right / c = 1.642",34,12,0.0434999999999898,0.0434999999999945,0.0434999999999945,0.0434999999999945
"SVP Gaussian / right / c = 1.642",35,12,0.0424166666666584,0.0424999999999898,0.0419999999999732,0.0427562500000121
"SVP Gaussian / right / c = 1.642",36,12,0.0409999999999968,0.0409999999999968,0.0409999999999968,0.0409999999999968
"SVP Gaussian / right / c = 1.642",37,12,0.0401250000000033,0.0400000000000205,0.0400000000000205,0.0404999999999802
"SVP Gaussian / right / c = 1.642",38,12,0.0387499999999932,0.0387499999999932,0.0384999999999991,0.0389999999999873
"SVP Gaussian / right / c = 1.642",39,12,0.0380000000000062,0.0380000000000109,0.0377499999999884,0.0384999999999991
"SVP Gaussian / right / c = 1.642",40,12,0.0367916666666588,0.0367499999999836,0.0364999999999895,0.0369999999999777
"SVP Gaussian / right / c = 1.642",41,12,0.0359583333333357,0.0360000000000014,0.0357500000000073,0.0362499999999955
"SVP Gaussian / right / c = 1.642",42,12,0.0350833333333327,0.035000000000025,0.0349999999999682,0.0352499999999907
"SVP Gaussian / right / c = 1.642",43,12,0.034000000000006,0.0339999999999918,0.0339999999999918,0.0340000000000202
"SVP Gaussian / right / c = 1.642",44,12,0.0334583333333285,0.0335000000000036,0.0332500000000095,0.0335000000000036
"SVP Gaussian / right / c = 1.642",45,12,0.0326666666666616,0.0324999999999989,0.0324999999999704,0.0330000000000155
"SVP Gaussian / right / c = 1.642",46,12,0.0321666666666687,0.0320000000000391,0.0319999999999823,0.0324999999999989
"SVP Gaussian / right / c = 1.642",47,12,0.0311666666666686,0.0310000000000059,0.0310000000000059,0.0314999999999941
"SVP Gaussian / right / c = 1.642",48,12,0.0304166666666722,0.0305000000000177,0.0302499999999952,0.0305000000000177
"SVP Gaussian / right / c = 1.642",49,12,0.029916666666665,0.0300000000000011,0.029500000000013,0.0300000000000296
"SVP Gaussian / right / c = 1.642",50,12,0.0293750000000017,0.0294999999999845,0.0289999999999964,0.0295000000000414
"SVP Gaussian / right / c = 1.642",51,12,0.0288333333333289,0.0289999999999964,0.0285000000000082,0.0289999999999964
"SVP Gaussian / right / c = 1.642",52,12,0.0284166666666721,0.0284999999999798,0.02800000000002,0.0287500000000023
"SVP Gaussian / right / c = 1.642",53,12,0.0278888888888752,0.0279999999999632,0.0275833333333158,0.02800000000002
"SVP Gaussian / right / c = 1.642",54,12,0.0273055555555588,0.0273333333333312,0.0269999999999963,0.0275000000000318
"SVP Gaussian / right / c = 1.642",55,12,0.0267500000000054,0.0266666666666803,0.0266666666666614,0.0270000000000058
"SVP Gaussian / right / c = 1.642",56,12,0.0261388888888897,0.0260000000000105,0.0259999999999915,0.0263333333333359
"SVP Gaussian / right / c = 1.642",57,12,0.0256388888888889,0.0256666666666661,0.0253333333333406,0.0258333333333288
"SVP Gaussian / right / c = 1.642",58,12,0.0251666666666653,0.0251666666666779,0.0249999999999773,0.0253333333333406
"SVP Gaussian / right / c = 1.642",59,12,0.0247222222222218,0.0246666666666708,0.0246666666666518,0.0246666666666897
"SVP Gaussian / right / c = 1.642",60,12,0.0242777777777753,0.0243333333333264,0.0243333333333264,0.0243333333333264
"SVP Gaussian / right / c = 1.642",61,12,0.0239444444444467,0.0240000000000009,0.0236666666666755,0.0240000000000009
"SVP Gaussian / right / c = 1.642",62,12,0.0235000000000159,0.0235000000000127,0.0233333333333879,0.0236666666666565
"SVP Gaussian / right / c = 1.642",63,12,0.0231944444444455,0.0233333333333121,0.0229999999999867,0.0233333333333121
"SVP Gaussian / right / c = 1.642",64,12,0.0227499999999989,0.0226666666666612,0.0226666666666612,0.0228333333333618
"SVP Gaussian / right / c = 1.642",65,12,0.0222777777777752,0.0223333333333358,0.0223333333333358,0.0223333333333358
"SVP Gaussian / right / c = 1.642",66,12,0.0220833333333354,0.0220000000000103,0.0220000000000103,0.0223333333333358
"SVP Gaussian / right / c = 1.642",67,12,0.0217500000000099,0.0216666666666849,0.0216666666666849,0.0219999999999345
"SVP Gaussian / right / c = 1.642",68,12,0.0215000000000221,0.0215000000000221,0.0213333333333594,0.0216666666666849
"SVP Gaussian / right / c = 1.642",69,12,0.0211944444444549,0.0211666666666588,0.021000000000034,0.0213333333333594
"SVP Gaussian / right / c = 1.642",70,12,0.0207777777777665,0.0206666666666706,0.0206666666666327,0.0209999999999582
"SVP Gaussian / right / c = 1.642",71,12,0.0205555555555558,0.0206666666666327,0.0203333333333831,0.0206666666666706
"SVP Gaussian / right / c = 1.642",72,12,0.0203888888888994,0.0203333333333452,0.0203333333333073,0.0205000000000458
"SVP Gaussian / right / c = 1.642",73,12,0.0199444444444276,0.0199999999999818,0.0198333333333191,0.0199999999999818
"SVP Gaussian / right / c = 1.642",74,12,0.0197500000000193,0.0196666666667322,0.0196666666666564,0.019833333333357
"SVP Gaussian / right / c = 1.642",75,12,0.0193611111111143,0.0193333333333309,0.0193333333333309,0.0193333333333688
"SVP Gaussian / right / c = 1.642",76,12,0.0191666666666745,0.0193333333333309,0.0190000000000055,0.0193333333333309
"SVP Gaussian / right / c = 1.642",77,12,0.0188611111111135,0.0190000000000055,0.01866666666668,0.0190000000000055
"SVP Gaussian / right / c = 1.642",78,12,0.018750000000005,0.01866666666668,0.01866666666668,0.0188333333333427
"SVP Gaussian / right / c = 1.642",79,12,0.0185000000000125,0.0185000000000173,0.0183333333333546,0.01866666666668
"SVP Gaussian / right / c = 1.642",80,12,0.0182499999999995,0.0182499999999948,0.0180000000000291,0.0183333333333546
"SVP Gaussian / right / c = 1.642",81,12,0.0181666666666808,0.0182499999999948,0.0180000000000291,0.018291666666651
"SVP Gaussian / right / c = 1.642",82,12,0.0177916666666596,0.0177499999999782,0.0176666666666658,0.0179999999999723
"SVP Gaussian / right / c = 1.642",83,12,0.0176874999999781,0.0176249999999811,0.0174999999999841,0.0178749999999752
"SVP Gaussian / right / c = 1.642",84,12,0.0173333333333308,0.01724999999999,0.01724999999999,0.0174999999999841
"SVP Gaussian / right / c = 1.642",85,12,0.01714583333334,0.01724999999999,0.0169999999999959,0.01724999999999
"SVP Gaussian / right / c = 1.642",86,12,0.0169375000000021,0.0169999999999959,0.0167500000000018,0.0169999999999959
"SVP Gaussian / right / c = 1.642",87,12,0.0168124999999956,0.0167500000000018,0.0167500000000018,0.0169999999999959
"SVP Gaussian / right / c = 1.642",88,12,0.0165833333333296,0.0165000000000077,0.0165000000000077,0.0167499999999734
"SVP Gaussian / right / c = 1.642",89,12,0.0164583333333231,0.0164999999999793,0.0163749999999823,0.0165000000000077
"SVP Gaussian / right / c = 1.642",90,12,0.0161666666666633,0.0162500000000136,0.0159999999999911,0.0162500000000136
"SVP Gaussian / right / c = 1.642",91,12,0.0160625000000039,0.0160000000000196,0.0159999999999911,0.0162500000000136
"SVP Gaussian / right / c = 1.642",92,12,0.0157708333333394,0.0157500000000255,0.0157499999999686,0.0158750000000225
"SVP Gaussian / right / c = 1.642",93,12,0.0156666666666609,0.0157499999999686,0.0155000000000314,0.0157499999999686
"SVP Gaussian / right / c = 1.642",94,12,0.0155208333333263,0.0154999999999745,0.0154999999999745,0.015625
"SVP Gaussian / right / c = 1.642",95,12,0.015333333333326,0.0152500000000089,0.0152499999999804,0.0154999999999745
"SVP Gaussian / right / c = 1.642",96,12,0.015166666666668,0.0152499999999804,0.0149999999999864,0.0152500000000373
"SVP Gaussian / right / c = 1.642",97,12,0.0150208333333334,0.0150000000000148,0.0149999999999864,0.0151250000000118
"SVP Gaussian / right / c = 1.642",98,12,0.0148958333333316,0.0148749999999893,0.0147499999999923,0.0149999999999864
"SVP Gaussian / right / c = 1.642",99,12,0.0147291666666642,0.0147499999999923,0.0147499999999923,0.0147499999999923
"SVP Gaussian / right / c = 1.642",100,12,0.0145416666666686,0.0144999999999982,0.0144999999999982,0.0146249999999952
