"k","n","SVP","SVP_nchanges","PELT","PELT_nchanges","penalty_svp","penalty_pelt"
0,10000,0.135999999999996,1,0.0480000000000018,0,36.8413614879047,18.4206807439524
0,10000,0.135000000000019,1,0.161000000000001,0,36.8413614879047,18.4206807439524
0,10000,0.147999999999996,1,0.155000000000001,0,36.8413614879047,18.4206807439524
0,10000,0.149000000000001,1,0.12299999999999,0,36.8413614879047,18.4206807439524
0,10000,0.156999999999982,1,0.126000000000005,0,36.8413614879047,18.4206807439524
0,10000,0.156000000000006,1,0.0629999999999882,0,36.8413614879047,18.4206807439524
0,10000,0.147999999999996,1,0.137,0,36.8413614879047,18.4206807439524
0,10000,0.152999999999992,1,0.0670000000000073,0,36.8413614879047,18.4206807439524
0,10000,0.14500000000001,1,0.113,0,36.8413614879047,18.4206807439524
0,10000,0.176999999999992,1,0.105999999999995,0,36.8413614879047,18.4206807439524
1,10000,1.88800000000001,2,0.0579999999999927,1,36.8413614879047,18.4206807439524
1,10000,1.88300000000001,2,0.0789999999999793,1,36.8413614879047,18.4206807439524
1,10000,1.86799999999999,2,0.0679999999999836,1,36.8413614879047,18.4206807439524
1,10000,1.84400000000002,2,0.0680000000000121,1,36.8413614879047,18.4206807439524
1,10000,1.881,2,0.085000000000008,1,36.8413614879047,18.4206807439524
1,10000,1.84200000000001,2,0.0790000000000077,1,36.8413614879047,18.4206807439524
1,10000,1.876,2,0.0810000000000173,1,36.8413614879047,18.4206807439524
1,10000,1.92500000000001,2,0.0599999999999739,1,36.8413614879047,18.4206807439524
1,10000,2.102,2,0.0809999999999889,1,36.8413614879047,18.4206807439524
1,10000,3.17500000000001,2,0.563999999999993,1,36.8413614879047,18.4206807439524
2,10000,15.654,3,0.489000000000004,2,36.8413614879047,18.4206807439524
2,10000,15.992,3,0.490000000000009,2,36.8413614879047,18.4206807439524
2,10000,11.366,3,0.0579999999999927,2,36.8413614879047,18.4206807439524
2,10000,1.78,3,0.046999999999997,2,36.8413614879047,18.4206807439524
2,10000,1.60399999999998,3,0.0459999999999923,2,36.8413614879047,18.4206807439524
2,10000,1.64599999999999,3,0.0480000000000018,2,36.8413614879047,18.4206807439524
2,10000,1.709,3,0.0510000000000161,2,36.8413614879047,18.4206807439524
2,10000,1.71300000000002,3,0.0529999999999973,2,36.8413614879047,18.4206807439524
2,10000,1.65999999999997,3,0.0480000000000018,2,36.8413614879047,18.4206807439524
2,10000,1.68299999999999,3,0.0540000000000305,2,36.8413614879047,18.4206807439524
3,10000,1.34999999999997,4,0.0409999999999968,3,36.8413614879047,18.4206807439524
3,10000,1.35900000000004,4,0.04200000000003,3,36.8413614879047,18.4206807439524
3,10000,1.46799999999996,4,0.0369999999999777,3,36.8413614879047,18.4206807439524
3,10000,1.35200000000003,4,0.0390000000000441,3,36.8413614879047,18.4206807439524
3,10000,1.33100000000002,4,0.0369999999999777,3,36.8413614879047,18.4206807439524
3,10000,1.36199999999997,4,0.0449999999999591,3,36.8413614879047,18.4206807439524
3,10000,1.57900000000001,4,0.0489999999999782,3,36.8413614879047,18.4206807439524
3,10000,2.11500000000001,4,0.0679999999999836,3,36.8413614879047,18.4206807439524
3,10000,2.20699999999999,4,0.0699999999999932,3,36.8413614879047,18.4206807439524
3,10000,11.872,4,0.387,3,36.8413614879047,18.4206807439524
4,10000,11.165,5,0.300000000000011,4,36.8413614879047,18.4206807439524
4,10000,11.005,5,0.295000000000016,4,36.8413614879047,18.4206807439524
4,10000,2.536,5,0.0260000000000105,4,36.8413614879047,18.4206807439524
4,10000,1.08299999999997,5,0.0250000000000341,4,36.8413614879047,18.4206807439524
4,10000,1.02199999999999,5,0.02800000000002,4,36.8413614879047,18.4206807439524
4,10000,1.01900000000001,5,0.0279999999999632,4,36.8413614879047,18.4206807439524
4,10000,1.00299999999999,5,0.0270000000000437,4,36.8413614879047,18.4206807439524
4,10000,1.01300000000003,5,0.0339999999999918,4,36.8413614879047,18.4206807439524
4,10000,1.25,5,0.0320000000000391,4,36.8413614879047,18.4206807439524
4,10000,1.125,5,0.0310000000000059,4,36.8413614879047,18.4206807439524
5,10000,0.887,6,0.0260000000000105,5,36.8413614879047,18.4206807439524
5,10000,0.88900000000001,6,0.0219999999999914,5,36.8413614879047,18.4206807439524
5,10000,0.896000000000015,6,0.0219999999999914,5,36.8413614879047,18.4206807439524
5,10000,0.880000000000052,6,0.0219999999999914,5,36.8413614879047,18.4206807439524
5,10000,0.879000000000019,6,0.0230000000000246,5,36.8413614879047,18.4206807439524
5,10000,0.87700000000001,6,0.0229999999999677,5,36.8413614879047,18.4206807439524
5,10000,0.881000000000029,6,0.0229999999999677,5,36.8413614879047,18.4206807439524
5,10000,0.864000000000033,6,0.0230000000000246,5,36.8413614879047,18.4206807439524
5,10000,0.889999999999986,6,0.0240000000000009,5,36.8413614879047,18.4206807439524
5,10000,0.877999999999986,6,0.0220000000000482,5,36.8413614879047,18.4206807439524
6,10000,0.769000000000005,7,0.0220000000000482,6,36.8413614879047,18.4206807439524
6,10000,0.784999999999968,7,0.021000000000015,6,36.8413614879047,18.4206807439524
6,10000,0.770000000000039,7,0.0190000000000055,6,36.8413614879047,18.4206807439524
6,10000,0.764999999999986,7,0.0190000000000055,6,36.8413614879047,18.4206807439524
6,10000,0.781000000000006,7,0.0199999999999818,6,36.8413614879047,18.4206807439524
6,10000,0.776999999999987,7,0.0169999999999959,6,36.8413614879047,18.4206807439524
6,10000,0.773000000000025,7,0.0199999999999818,6,36.8413614879047,18.4206807439524
6,10000,0.775999999999954,7,0.0199999999999818,6,36.8413614879047,18.4206807439524
6,10000,0.77800000000002,7,0.021000000000015,6,36.8413614879047,18.4206807439524
6,10000,0.772999999999968,7,0.0199999999999818,6,36.8413614879047,18.4206807439524
7,10000,0.697000000000003,8,0.0169999999999959,7,36.8413614879047,18.4206807439524
7,10000,0.687000000000012,8,0.0180000000000291,7,36.8413614879047,18.4206807439524
7,10000,0.688000000000045,8,0.0180000000000291,7,36.8413614879047,18.4206807439524
7,10000,0.689999999999998,8,0.0190000000000055,7,36.8413614879047,18.4206807439524
7,10000,0.69399999999996,8,0.0169999999999959,7,36.8413614879047,18.4206807439524
7,10000,0.699999999999989,8,0.0169999999999959,7,36.8413614879047,18.4206807439524
7,10000,0.731999999999971,8,0.0199999999999818,7,36.8413614879047,18.4206807439524
7,10000,0.867000000000019,8,0.0260000000000105,7,36.8413614879047,18.4206807439524
7,10000,0.947000000000003,8,0.0240000000000009,7,36.8413614879047,18.4206807439524
7,10000,1.00900000000001,8,0.0249999999999773,7,36.8413614879047,18.4206807439524
8,10000,0.876999999999953,9,0.0219999999999914,8,36.8413614879047,18.4206807439524
8,10000,0.850000000000023,9,0.0240000000000009,8,36.8413614879047,18.4206807439524
8,10000,0.899000000000001,9,0.0220000000000482,8,36.8413614879047,18.4206807439524
8,10000,0.865000000000009,9,0.021000000000015,8,36.8413614879047,18.4206807439524
8,10000,0.894000000000005,9,0.0229999999999677,8,36.8413614879047,18.4206807439524
8,10000,0.899000000000001,9,0.0219999999999914,8,36.8413614879047,18.4206807439524
8,10000,0.853000000000009,9,0.0230000000000246,8,36.8413614879047,18.4206807439524
8,10000,0.85899999999998,9,0.021000000000015,8,36.8413614879047,18.4206807439524
8,10000,0.849999999999966,9,0.0200000000000387,8,36.8413614879047,18.4206807439524
8,10000,0.84699999999998,9,0.021000000000015,8,36.8413614879047,18.4206807439524
9,10000,0.769000000000005,10,0.0199999999999818,9,36.8413614879047,18.4206807439524
9,10000,0.774000000000001,10,0.0199999999999818,9,36.8413614879047,18.4206807439524
9,10000,0.757999999999981,10,0.0190000000000055,9,36.8413614879047,18.4206807439524
9,10000,0.777999999999963,10,0.0190000000000055,10,36.8413614879047,18.4206807439524
9,10000,0.762999999999977,10,0.021000000000015,9,36.8413614879047,18.4206807439524
9,10000,0.761000000000024,10,0.0199999999999818,9,36.8413614879047,18.4206807439524
9,10000,0.953000000000031,10,0.0550000000000068,9,36.8413614879047,18.4206807439524
9,10000,5.89799999999997,10,0.162000000000035,9,36.8413614879047,18.4206807439524
9,10000,5.98599999999999,10,0.161000000000001,9,36.8413614879047,18.4206807439524
9,10000,6.01099999999997,10,0.158000000000015,9,36.8413614879047,18.4206807439524
10,10000,2.04699999999997,11,0.0129999999999768,10,36.8413614879047,18.4206807439524
10,10000,0.474999999999966,11,0.0120000000000005,10,36.8413614879047,18.4206807439524
10,10000,0.484999999999957,11,0.0129999999999768,10,36.8413614879047,18.4206807439524
10,10000,0.48599999999999,11,0.0120000000000005,10,36.8413614879047,18.4206807439524
10,10000,0.490000000000009,11,0.0120000000000005,10,36.8413614879047,18.4206807439524
10,10000,0.492000000000019,11,0.0120000000000005,10,36.8413614879047,18.4206807439524
10,10000,0.494000000000028,11,0.0120000000000005,10,36.8413614879047,18.4206807439524
10,10000,0.492999999999995,11,0.0120000000000005,10,36.8413614879047,18.4206807439524
10,10000,0.48599999999999,11,0.0130000000000337,10,36.8413614879047,18.4206807439524
10,10000,0.498000000000047,11,0.0120000000000005,10,36.8413614879047,18.4206807439524
11,10000,0.459000000000003,12,0.0120000000000005,11,36.8413614879047,18.4206807439524
11,10000,0.459000000000003,12,0.0109999999999673,11,36.8413614879047,18.4206807439524
11,10000,0.45999999999998,12,0.0110000000000241,11,36.8413614879047,18.4206807439524
11,10000,0.454999999999984,12,0.0120000000000005,11,36.8413614879047,18.4206807439524
11,10000,0.460000000000036,12,0.0120000000000005,11,36.8413614879047,18.4206807439524
11,10000,0.456999999999994,12,0.0109999999999673,11,36.8413614879047,18.4206807439524
11,10000,0.45999999999998,12,0.0110000000000241,11,36.8413614879047,18.4206807439524
11,10000,0.466000000000008,12,0.0120000000000005,11,36.8413614879047,18.4206807439524
11,10000,0.45999999999998,12,0.0109999999999673,11,36.8413614879047,18.4206807439524
11,10000,0.461000000000013,12,0.0120000000000005,11,36.8413614879047,18.4206807439524
12,10000,0.427999999999997,13,0.0110000000000241,12,36.8413614879047,18.4206807439524
12,10000,0.430999999999983,13,0.0109999999999673,12,36.8413614879047,18.4206807439524
12,10000,0.43199999999996,13,0.0110000000000241,12,36.8413614879047,18.4206807439524
12,10000,0.434999999999945,13,0.0110000000000241,12,36.8413614879047,18.4206807439524
12,10000,0.432999999999993,13,0.0110000000000241,12,36.8413614879047,18.4206807439524
12,10000,0.435000000000002,13,0.0110000000000241,12,36.8413614879047,18.4206807439524
12,10000,0.435999999999979,13,0.0110000000000241,12,36.8413614879047,18.4206807439524
12,10000,0.43300000000005,13,0.0129999999999768,12,36.8413614879047,18.4206807439524
12,10000,0.436000000000035,13,0.0109999999999673,12,36.8413614879047,18.4206807439524
12,10000,0.435000000000002,13,0.0110000000000241,12,36.8413614879047,18.4206807439524
13,10000,0.408999999999992,14,0.00999999999999091,13,36.8413614879047,18.4206807439524
13,10000,0.404999999999973,14,0.0110000000000241,13,36.8413614879047,18.4206807439524
13,10000,0.406999999999982,14,0.0110000000000241,13,36.8413614879047,18.4206807439524
13,10000,0.404999999999973,14,0.00999999999999091,13,36.8413614879047,18.4206807439524
13,10000,0.407999999999959,14,0.0109999999999673,13,36.8413614879047,18.4206807439524
13,10000,0.409999999999968,14,0.0109999999999673,13,36.8413614879047,18.4206807439524
13,10000,0.407999999999959,14,0.00999999999999091,13,36.8413614879047,18.4206807439524
13,10000,0.410000000000025,14,0.00999999999999091,13,36.8413614879047,18.4206807439524
13,10000,0.413000000000011,14,0.0110000000000241,13,36.8413614879047,18.4206807439524
13,10000,0.412000000000035,14,0.0110000000000241,13,36.8413614879047,18.4206807439524
14,10000,0.380999999999972,15,0.00900000000001455,14,36.8413614879047,18.4206807439524
14,10000,0.384000000000015,15,0.00999999999999091,14,36.8413614879047,18.4206807439524
14,10000,0.385999999999967,15,0.00900000000001455,14,36.8413614879047,18.4206807439524
14,10000,0.384999999999991,15,0.00900000000001455,14,36.8413614879047,18.4206807439524
14,10000,0.383000000000038,15,0.00900000000001455,14,36.8413614879047,18.4206807439524
14,10000,0.382000000000005,15,0.00900000000001455,14,36.8413614879047,18.4206807439524
14,10000,0.387,15,0.00999999999999091,14,36.8413614879047,18.4206807439524
14,10000,0.386000000000024,15,0.0110000000000241,14,36.8413614879047,18.4206807439524
14,10000,0.388000000000034,15,0.00899999999995771,14,36.8413614879047,18.4206807439524
14,10000,0.381000000000029,15,0.0100000000000477,14,36.8413614879047,18.4206807439524
15,10000,0.35899999999998,16,0.00999999999999091,15,36.8413614879047,18.4206807439524
15,10000,0.363,16,0.00900000000001455,15,36.8413614879047,18.4206807439524
15,10000,0.361000000000047,16,0.00999999999999091,15,36.8413614879047,18.4206807439524
15,10000,0.362000000000023,16,0.00899999999995771,15,36.8413614879047,18.4206807439524
15,10000,0.363999999999976,16,0.00900000000001455,15,36.8413614879047,18.4206807439524
15,10000,0.365000000000009,16,0.00900000000001455,15,36.8413614879047,18.4206807439524
15,10000,0.361999999999966,16,0.00900000000001455,15,36.8413614879047,18.4206807439524
15,10000,0.361999999999966,16,0.00900000000001455,15,36.8413614879047,18.4206807439524
15,10000,0.366999999999962,16,0.00900000000001455,15,36.8413614879047,18.4206807439524
15,10000,0.364000000000033,16,0.00900000000001455,15,36.8413614879047,18.4206807439524
16,10000,0.343999999999994,17,0.00900000000001455,16,36.8413614879047,18.4206807439524
16,10000,0.350000000000023,17,0.00900000000001455,16,36.8413614879047,18.4206807439524
16,10000,0.350999999999999,17,0.00799999999998136,16,36.8413614879047,18.4206807439524
16,10000,0.348000000000013,17,0.00999999999999091,16,36.8413614879047,18.4206807439524
16,10000,0.347999999999956,17,0.00900000000001455,16,36.8413614879047,18.4206807439524
16,10000,0.351999999999975,17,0.00899999999995771,16,36.8413614879047,18.4206807439524
16,10000,0.350999999999999,17,0.00799999999998136,16,36.8413614879047,18.4206807439524
16,10000,0.350999999999999,17,0.00900000000001455,16,36.8413614879047,18.4206807439524
16,10000,0.34699999999998,17,0.00899999999995771,16,36.8413614879047,18.4206807439524
16,10000,0.354000000000042,17,0.00900000000001455,16,36.8413614879047,18.4206807439524
17,10000,0.333000000000027,18,0.00899999999995771,17,36.8413614879047,18.4206807439524
17,10000,0.336999999999989,18,0.00899999999995771,17,36.8413614879047,18.4206807439524
17,10000,0.331000000000017,18,0.0080000000000382,17,36.8413614879047,18.4206807439524
17,10000,0.330000000000041,18,0.00900000000001455,17,36.8413614879047,18.4206807439524
17,10000,0.329000000000008,18,0.00900000000001455,17,36.8413614879047,18.4206807439524
17,10000,0.336999999999989,18,0.00900000000001455,17,36.8413614879047,18.4206807439524
17,10000,0.333000000000027,18,0.00900000000001455,17,36.8413614879047,18.4206807439524
17,10000,0.329000000000008,18,0.00799999999998136,17,36.8413614879047,18.4206807439524
17,10000,0.336000000000013,18,0.00900000000001455,17,36.8413614879047,18.4206807439524
17,10000,0.329999999999984,18,0.00799999999998136,17,36.8413614879047,18.4206807439524
18,10000,0.319000000000017,19,0.00799999999998136,18,36.8413614879047,18.4206807439524
18,10000,0.319999999999993,19,0.00799999999998136,18,36.8413614879047,18.4206807439524
18,10000,0.312000000000012,19,0.00799999999998136,18,36.8413614879047,18.4206807439524
18,10000,0.334000000000003,19,0.00900000000001455,18,36.8413614879047,18.4206807439524
18,10000,0.351999999999975,19,0.00900000000001455,18,36.8413614879047,18.4206807439524
18,10000,0.365999999999985,19,0.0110000000000241,18,36.8413614879047,18.4206807439524
18,10000,0.427999999999997,19,0.0120000000000005,18,36.8413614879047,18.4206807439524
18,10000,0.420999999999992,19,0.0110000000000241,18,36.8413614879047,18.4206807439524
18,10000,0.413000000000011,19,0.0120000000000005,18,36.8413614879047,18.4206807439524
18,10000,0.430999999999983,19,0.0120000000000005,18,36.8413614879047,18.4206807439524
19,10000,0.408000000000015,20,0.0110000000000241,19,36.8413614879047,18.4206807439524
19,10000,0.392999999999972,20,0.0109999999999673,19,36.8413614879047,18.4206807439524
19,10000,0.408000000000015,20,0.0109999999999673,19,36.8413614879047,18.4206807439524
19,10000,0.396999999999991,20,0.0109999999999673,19,36.8413614879047,18.4206807439524
19,10000,0.426999999999964,20,0.0110000000000241,19,36.8413614879047,18.4206807439524
19,10000,0.473000000000013,20,0.0109999999999673,19,36.8413614879047,18.4206807439524
19,10000,0.411999999999978,20,0.0110000000000241,19,36.8413614879047,18.4206807439524
19,10000,0.409999999999968,20,0.0110000000000241,19,36.8413614879047,18.4206807439524
19,10000,0.430999999999983,20,0.0120000000000005,19,36.8413614879047,18.4206807439524
19,10000,0.422000000000025,20,0.00999999999999091,19,36.8413614879047,18.4206807439524
20,10000,0.394000000000005,21,0.0110000000000241,20,36.8413614879047,18.4206807439524
20,10000,0.396999999999991,21,0.00999999999999091,20,36.8413614879047,18.4206807439524
20,10000,0.398000000000025,21,0.00999999999999091,20,36.8413614879047,18.4206807439524
20,10000,0.375999999999976,21,0.0110000000000241,20,36.8413614879047,18.4206807439524
20,10000,0.377999999999986,21,0.00999999999999091,20,36.8413614879047,18.4206807439524
20,10000,0.380999999999972,21,0.0100000000000477,20,36.8413614879047,18.4206807439524
20,10000,0.384000000000015,21,0.0110000000000241,20,36.8413614879047,18.4206807439524
20,10000,0.377999999999986,21,0.00999999999999091,20,36.8413614879047,18.4206807439524
20,10000,0.381999999999948,21,0.0110000000000241,20,36.8413614879047,18.4206807439524
20,10000,0.396999999999991,21,0.00999999999999091,20,36.8413614879047,18.4206807439524
21,10000,0.370000000000005,22,0.0100000000000477,21,36.8413614879047,18.4206807439524
21,10000,0.383999999999958,22,0.00999999999999091,21,36.8413614879047,18.4206807439524
21,10000,0.377999999999986,22,0.00999999999999091,21,36.8413614879047,18.4206807439524
21,10000,0.375999999999976,22,0.00999999999999091,21,36.8413614879047,18.4206807439524
21,10000,0.37299999999999,22,0.00900000000001455,21,36.8413614879047,18.4206807439524
21,10000,0.370999999999981,22,0.0110000000000241,21,36.8413614879047,18.4206807439524
21,10000,0.375999999999976,22,0.00999999999999091,21,36.8413614879047,18.4206807439524
21,10000,0.374000000000024,22,0.0110000000000241,21,36.8413614879047,18.4206807439524
21,10000,0.386000000000024,22,0.00999999999999091,21,36.8413614879047,18.4206807439524
21,10000,0.377999999999986,22,0.00999999999999091,21,36.8413614879047,18.4206807439524
22,10000,0.368999999999971,23,0.00999999999999091,22,36.8413614879047,18.4206807439524
22,10000,0.360000000000014,23,0.0100000000000477,22,36.8413614879047,18.4206807439524
22,10000,0.354999999999961,23,0.00999999999999091,22,36.8413614879047,18.4206807439524
22,10000,0.353000000000009,23,0.00899999999995771,23,36.8413614879047,18.4206807439524
22,10000,0.34699999999998,23,0.00900000000001455,22,36.8413614879047,18.4206807439524
22,10000,0.376000000000033,23,0.00999999999999091,22,36.8413614879047,18.4206807439524
22,10000,0.349000000000046,23,0.00900000000001455,22,36.8413614879047,18.4206807439524
22,10000,0.351999999999975,23,0.0110000000000241,22,36.8413614879047,18.4206807439524
22,10000,0.384999999999991,23,0.00999999999999091,22,36.8413614879047,18.4206807439524
22,10000,0.380999999999972,23,0.00999999999999091,22,36.8413614879047,18.4206807439524
23,10000,0.338999999999999,24,0.00900000000001455,23,36.8413614879047,18.4206807439524
23,10000,0.342999999999961,24,0.00900000000001455,23,36.8413614879047,18.4206807439524
23,10000,0.348000000000013,24,0.00900000000001455,23,36.8413614879047,18.4206807439524
23,10000,0.510999999999967,24,0.0219999999999914,23,36.8413614879047,18.4206807439524
23,10000,2.43099999999998,24,0.0740000000000123,23,36.8413614879047,18.4206807439524
23,10000,2.78300000000002,24,0.0729999999999791,23,36.8413614879047,18.4206807439524
23,10000,2.81299999999999,24,0.0720000000000027,23,36.8413614879047,18.4206807439524
23,10000,2.81900000000002,24,0.0729999999999791,23,36.8413614879047,18.4206807439524
23,10000,2.81800000000004,24,0.0729999999999791,23,36.8413614879047,18.4206807439524
23,10000,2.84500000000003,24,0.0180000000000291,23,36.8413614879047,18.4206807439524
24,10000,0.326999999999998,25,0.007000000000005,24,36.8413614879047,18.4206807439524
24,10000,0.259000000000015,25,0.00900000000001455,24,36.8413614879047,18.4206807439524
24,10000,0.263999999999953,25,0.007000000000005,24,36.8413614879047,18.4206807439524
24,10000,0.274000000000001,25,0.00799999999998136,24,36.8413614879047,18.4206807439524
24,10000,0.278999999999996,25,0.007000000000005,24,36.8413614879047,18.4206807439524
24,10000,0.293999999999983,25,0.007000000000005,24,36.8413614879047,18.4206807439524
24,10000,0.266999999999996,25,0.00600000000002865,24,36.8413614879047,18.4206807439524
24,10000,0.267999999999972,25,0.00799999999998136,24,36.8413614879047,18.4206807439524
24,10000,0.271999999999991,25,0.0080000000000382,24,36.8413614879047,18.4206807439524
24,10000,0.274000000000001,25,0.00900000000001455,24,36.8413614879047,18.4206807439524
25,10000,0.244999999999976,26,0.00699999999997658,25,36.8413614879047,18.4206807439524
25,10000,0.280000000000001,26,0.00799999999998136,25,36.8413614879047,18.4206807439524
25,10000,0.282999999999987,26,0.00800000000000978,25,36.8413614879047,18.4206807439524
25,10000,0.280999999999977,26,0.00800000000000978,25,36.8413614879047,18.4206807439524
25,10000,0.283999999999992,26,0.00799999999998136,25,36.8413614879047,18.4206807439524
25,10000,0.271999999999991,26,0.007000000000005,25,36.8413614879047,18.4206807439524
25,10000,0.287000000000006,26,0.00800000000000978,25,36.8413614879047,18.4206807439524
25,10000,0.284999999999997,26,0.00800000000000978,25,36.8413614879047,18.4206807439524
25,10000,0.300000000000011,26,0.00900000000001455,25,36.8413614879047,18.4206807439524
25,10000,0.289999999999992,26,0.007000000000005,25,36.8413614879047,18.4206807439524
26,10000,0.26400000000001,27,0.007000000000005,26,36.8413614879047,18.4206807439524
26,10000,0.259999999999991,27,0.007000000000005,26,36.8413614879047,18.4206807439524
26,10000,0.260000000000019,27,0.007000000000005,26,36.8413614879047,18.4206807439524
26,10000,0.260999999999996,27,0.007000000000005,26,36.8413614879047,18.4206807439524
26,10000,0.263000000000005,27,0.007000000000005,26,36.8413614879047,18.4206807439524
26,10000,0.263000000000005,27,0.007000000000005,26,36.8413614879047,18.4206807439524
26,10000,0.264999999999986,27,0.00600000000000023,26,36.8413614879047,18.4206807439524
26,10000,0.258999999999986,27,0.00800000000000978,26,36.8413614879047,18.4206807439524
26,10000,0.257000000000005,27,0.007000000000005,26,36.8413614879047,18.4206807439524
26,10000,0.294000000000011,27,0.00800000000000978,26,36.8413614879047,18.4206807439524
27,10000,0.276999999999987,28,0.007000000000005,27,36.8413614879047,18.4206807439524
27,10000,0.292000000000002,28,0.007000000000005,27,36.8413614879047,18.4206807439524
27,10000,0.307999999999993,28,0.00800000000000978,27,36.8413614879047,18.4206807439524
27,10000,0.26400000000001,28,0.007000000000005,27,36.8413614879047,18.4206807439524
27,10000,0.260999999999996,28,0.00600000000000023,27,36.8413614879047,18.4206807439524
27,10000,0.25200000000001,28,0.007000000000005,27,36.8413614879047,18.4206807439524
27,10000,0.266999999999996,28,0.00600000000000023,27,36.8413614879047,18.4206807439524
27,10000,0.259000000000015,28,0.00799999999998136,27,36.8413614879047,18.4206807439524
27,10000,0.257000000000005,28,0.00699999999997658,27,36.8413614879047,18.4206807439524
27,10000,0.253999999999991,28,0.007000000000005,27,36.8413614879047,18.4206807439524
28,10000,0.243000000000023,29,0.00600000000000023,28,36.8413614879047,18.4206807439524
28,10000,0.245999999999981,29,0.007000000000005,28,36.8413614879047,18.4206807439524
28,10000,0.246000000000009,29,0.00600000000000023,28,36.8413614879047,18.4206807439524
28,10000,0.253000000000014,29,0.007000000000005,28,36.8413614879047,18.4206807439524
28,10000,0.255000000000024,29,0.007000000000005,29,36.8413614879047,18.4206807439524
28,10000,0.253000000000014,29,0.007000000000005,28,36.8413614879047,18.4206807439524
28,10000,0.254999999999995,29,0.00600000000000023,28,36.8413614879047,18.4206807439524
28,10000,0.257000000000005,29,0.00600000000000023,28,36.8413614879047,18.4206807439524
28,10000,0.265999999999991,29,0.007000000000005,28,36.8413614879047,18.4206807439524
28,10000,0.254000000000019,29,0.007000000000005,28,36.8413614879047,18.4206807439524
29,10000,0.251000000000005,30,0.00600000000000023,29,36.8413614879047,18.4206807439524
29,10000,0.242999999999995,30,0.007000000000005,29,36.8413614879047,18.4206807439524
29,10000,0.246000000000009,30,0.00600000000000023,29,36.8413614879047,18.4206807439524
29,10000,0.244999999999976,30,0.00600000000000023,29,36.8413614879047,18.4206807439524
29,10000,0.245999999999981,30,0.00600000000000023,29,36.8413614879047,18.4206807439524
29,10000,0.247000000000014,30,0.00800000000000978,29,36.8413614879047,18.4206807439524
29,10000,0.251000000000005,30,0.007000000000005,29,36.8413614879047,18.4206807439524
29,10000,0.253999999999991,30,0.00600000000000023,29,36.8413614879047,18.4206807439524
29,10000,0.253000000000014,30,0.00600000000000023,29,36.8413614879047,18.4206807439524
29,10000,0.254999999999995,30,0.00600000000000023,29,36.8413614879047,18.4206807439524
30,10000,0.245000000000005,31,0.00600000000000023,30,36.8413614879047,18.4206807439524
30,10000,0.240999999999985,31,0.007000000000005,30,36.8413614879047,18.4206807439524
30,10000,0.247000000000014,31,0.00699999999997658,30,36.8413614879047,18.4206807439524
30,10000,0.246000000000009,31,0.00600000000000023,30,36.8413614879047,18.4206807439524
30,10000,0.25200000000001,31,0.007000000000005,30,36.8413614879047,18.4206807439524
30,10000,0.24799999999999,31,0.007000000000005,30,36.8413614879047,18.4206807439524
30,10000,0.251000000000005,31,0.007000000000005,30,36.8413614879047,18.4206807439524
30,10000,0.238999999999976,31,0.007000000000005,30,36.8413614879047,18.4206807439524
30,10000,0.246999999999986,31,0.00699999999997658,30,36.8413614879047,18.4206807439524
30,10000,0.253999999999991,31,0.00800000000000978,30,36.8413614879047,18.4206807439524
31,10000,0.257999999999981,32,0.007000000000005,31,36.8413614879047,18.4206807439524
31,10000,0.258999999999986,32,0.007000000000005,31,36.8413614879047,18.4206807439524
31,10000,0.260999999999996,32,0.007000000000005,31,36.8413614879047,18.4206807439524
31,10000,0.284999999999997,32,0.007000000000005,32,36.8413614879047,18.4206807439524
31,10000,0.283999999999992,32,0.00799999999998136,31,36.8413614879047,18.4206807439524
31,10000,0.293999999999983,32,0.00900000000001455,32,36.8413614879047,18.4206807439524
31,10000,0.323999999999984,32,0.00899999999998613,31,36.8413614879047,18.4206807439524
31,10000,0.324000000000012,32,0.00900000000001455,31,36.8413614879047,18.4206807439524
31,10000,0.376000000000005,32,0.00999999999999091,31,36.8413614879047,18.4206807439524
31,10000,0.385999999999996,32,0.0109999999999957,31,36.8413614879047,18.4206807439524
32,10000,0.481999999999999,33,0.01400000000001,32,36.8413614879047,18.4206807439524
32,10000,1.90099999999998,33,0.0569999999999879,32,36.8413614879047,18.4206807439524
32,10000,2.191,33,0.0560000000000116,32,36.8413614879047,18.4206807439524
32,10000,2.196,33,0.0569999999999879,32,36.8413614879047,18.4206807439524
32,10000,2.221,33,0.0569999999999879,32,36.8413614879047,18.4206807439524
32,10000,2.19899999999998,33,0.0559999999999832,32,36.8413614879047,18.4206807439524
32,10000,2.179,33,0.0579999999999927,32,36.8413614879047,18.4206807439524
32,10000,2.22799999999998,33,0.0559999999999832,32,36.8413614879047,18.4206807439524
32,10000,2.33000000000001,33,0.0579999999999927,32,36.8413614879047,18.4206807439524
32,10000,2.35799999999998,33,0.0559999999999832,32,36.8413614879047,18.4206807439524
33,10000,2.12100000000001,34,0.0550000000000068,33,36.8413614879047,18.4206807439524
33,10000,2.108,34,0.0550000000000068,33,36.8413614879047,18.4206807439524
33,10000,2.125,34,0.0560000000000116,33,36.8413614879047,18.4206807439524
33,10000,2.17699999999999,34,0.054000000000002,33,36.8413614879047,18.4206807439524
33,10000,2.11799999999999,34,0.0550000000000068,33,36.8413614879047,18.4206807439524
33,10000,2.12799999999999,34,0.0550000000000068,33,36.8413614879047,18.4206807439524
33,10000,2.14600000000002,34,0.0560000000000116,33,36.8413614879047,18.4206807439524
33,10000,2.28400000000002,34,0.0729999999999791,33,36.8413614879047,18.4206807439524
33,10000,1.81400000000002,34,0.00799999999998136,33,36.8413614879047,18.4206807439524
33,10000,0.256,34,0.007000000000005,33,36.8413614879047,18.4206807439524
34,10000,0.25,35,0.007000000000005,34,36.8413614879047,18.4206807439524
34,10000,0.24799999999999,35,0.007000000000005,34,36.8413614879047,18.4206807439524
34,10000,0.237000000000023,35,0.00699999999997658,34,36.8413614879047,18.4206807439524
34,10000,0.248000000000019,35,0.00600000000000023,34,36.8413614879047,18.4206807439524
34,10000,0.244,35,0.00600000000000023,34,36.8413614879047,18.4206807439524
34,10000,0.242999999999995,35,0.00600000000000023,34,36.8413614879047,18.4206807439524
34,10000,0.238999999999976,35,0.00600000000000023,34,36.8413614879047,18.4206807439524
34,10000,0.20999999999998,35,0.00600000000000023,34,36.8413614879047,18.4206807439524
34,10000,0.215000000000003,35,0.00599999999997181,34,36.8413614879047,18.4206807439524
34,10000,0.215000000000003,35,0.00600000000000023,34,36.8413614879047,18.4206807439524
35,10000,0.218999999999994,36,0.00600000000000023,35,36.8413614879047,18.4206807439524
35,10000,0.209000000000003,36,0.00600000000000023,35,36.8413614879047,18.4206807439524
35,10000,0.212000000000018,36,0.00600000000000023,35,36.8413614879047,18.4206807439524
35,10000,0.207999999999998,36,0.00600000000000023,35,36.8413614879047,18.4206807439524
35,10000,0.204000000000008,36,0.00600000000000023,35,36.8413614879047,18.4206807439524
35,10000,0.216000000000008,36,0.00600000000000023,35,36.8413614879047,18.4206807439524
35,10000,0.210000000000008,36,0.00600000000000023,35,36.8413614879047,18.4206807439524
35,10000,0.211999999999989,36,0.00600000000000023,35,36.8413614879047,18.4206807439524
35,10000,0.210000000000008,36,0.00600000000000023,36,36.8413614879047,18.4206807439524
35,10000,0.240999999999985,36,0.007000000000005,35,36.8413614879047,18.4206807439524
36,10000,0.225999999999999,37,0.00600000000000023,36,36.8413614879047,18.4206807439524
36,10000,0.213000000000022,37,0.007000000000005,36,36.8413614879047,18.4206807439524
36,10000,0.218000000000018,37,0.00600000000000023,36,36.8413614879047,18.4206807439524
36,10000,0.225000000000023,37,0.007000000000005,36,36.8413614879047,18.4206807439524
36,10000,0.201999999999998,37,0.00499999999999545,36,36.8413614879047,18.4206807439524
36,10000,0.207999999999998,37,0.00600000000000023,36,36.8413614879047,18.4206807439524
36,10000,0.217000000000013,37,0.00499999999999545,36,36.8413614879047,18.4206807439524
36,10000,0.204000000000008,37,0.007000000000005,36,36.8413614879047,18.4206807439524
36,10000,0.219999999999999,37,0.00800000000000978,36,36.8413614879047,18.4206807439524
36,10000,0.226999999999975,37,0.00600000000000023,36,36.8413614879047,18.4206807439524
37,10000,0.214999999999975,38,0.00600000000002865,37,36.8413614879047,18.4206807439524
37,10000,0.213999999999999,38,0.00599999999997181,37,36.8413614879047,18.4206807439524
37,10000,0.199000000000012,38,0.00499999999999545,37,36.8413614879047,18.4206807439524
37,10000,0.199000000000012,38,0.007000000000005,37,36.8413614879047,18.4206807439524
37,10000,0.199000000000012,38,0.0050000000000523,37,36.8413614879047,18.4206807439524
37,10000,0.215000000000032,38,0.00600000000002865,37,36.8413614879047,18.4206807439524
37,10000,0.206000000000017,38,0.00499999999999545,37,36.8413614879047,18.4206807439524
37,10000,0.22399999999999,38,0.00499999999999545,37,36.8413614879047,18.4206807439524
37,10000,0.202999999999975,38,0.00499999999999545,37,36.8413614879047,18.4206807439524
37,10000,0.203000000000031,38,0.00499999999999545,37,36.8413614879047,18.4206807439524
38,10000,0.204000000000008,39,0.00600000000002865,38,36.8413614879047,18.4206807439524
38,10000,0.210000000000036,39,0.00600000000002865,38,36.8413614879047,18.4206807439524
38,10000,0.20799999999997,39,0.0080000000000382,38,36.8413614879047,18.4206807439524
38,10000,0.206999999999994,39,0.00499999999999545,38,36.8413614879047,18.4206807439524
38,10000,0.19599999999997,39,0.00599999999997181,38,36.8413614879047,18.4206807439524
38,10000,0.197999999999979,39,0.00599999999997181,38,36.8413614879047,18.4206807439524
38,10000,0.199000000000012,39,0.00600000000002865,38,36.8413614879047,18.4206807439524
38,10000,0.204999999999984,39,0.00499999999999545,38,36.8413614879047,18.4206807439524
38,10000,0.199000000000012,39,0.00599999999997181,38,36.8413614879047,18.4206807439524
38,10000,0.199000000000012,39,0.00600000000002865,38,36.8413614879047,18.4206807439524
39,10000,0.197999999999979,40,0.00499999999999545,39,36.8413614879047,18.4206807439524
39,10000,0.186999999999955,40,0.00499999999999545,40,36.8413614879047,18.4206807439524
39,10000,0.183999999999969,40,0.00499999999999545,39,36.8413614879047,18.4206807439524
39,10000,0.187999999999988,40,0.00499999999999545,40,36.8413614879047,18.4206807439524
39,10000,0.206999999999994,40,0.007000000000005,39,36.8413614879047,18.4206807439524
39,10000,0.210000000000036,40,0.00499999999999545,39,36.8413614879047,18.4206807439524
39,10000,0.188999999999965,40,0.00499999999999545,39,36.8413614879047,18.4206807439524
39,10000,0.210999999999956,40,0.00599999999997181,39,36.8413614879047,18.4206807439524
39,10000,0.258000000000038,40,0.00499999999999545,39,36.8413614879047,18.4206807439524
39,10000,0.22399999999999,40,0.00499999999999545,39,36.8413614879047,18.4206807439524
40,10000,0.204000000000008,41,0.00499999999999545,40,36.8413614879047,18.4206807439524
40,10000,0.206000000000017,41,0.00599999999997181,40,36.8413614879047,18.4206807439524
40,10000,0.185999999999979,41,0.00499999999999545,40,36.8413614879047,18.4206807439524
40,10000,0.182000000000016,41,0.00499999999999545,40,36.8413614879047,18.4206807439524
40,10000,0.185000000000002,41,0.00499999999999545,40,36.8413614879047,18.4206807439524
40,10000,0.18100000000004,41,0.00499999999999545,40,36.8413614879047,18.4206807439524
40,10000,0.182000000000016,41,0.00600000000002865,40,36.8413614879047,18.4206807439524
40,10000,0.180999999999983,41,0.00499999999999545,40,36.8413614879047,18.4206807439524
40,10000,0.180999999999983,41,0.0050000000000523,40,36.8413614879047,18.4206807439524
40,10000,0.186000000000035,41,0.00599999999997181,40,36.8413614879047,18.4206807439524
41,10000,0.180999999999983,42,0.00499999999999545,41,36.8413614879047,18.4206807439524
41,10000,0.182999999999993,42,0.00600000000002865,41,36.8413614879047,18.4206807439524
41,10000,0.18100000000004,42,0.00600000000002865,41,36.8413614879047,18.4206807439524
41,10000,0.182999999999993,42,0.00499999999999545,41,36.8413614879047,18.4206807439524
41,10000,0.187000000000012,42,0.00499999999999545,41,36.8413614879047,18.4206807439524
41,10000,0.194999999999993,42,0.00499999999999545,41,36.8413614879047,18.4206807439524
41,10000,0.188999999999965,42,0.00499999999999545,41,36.8413614879047,18.4206807439524
41,10000,0.19500000000005,42,0.00499999999999545,41,36.8413614879047,18.4206807439524
41,10000,0.201999999999998,42,0.00600000000002865,41,36.8413614879047,18.4206807439524
41,10000,0.203999999999951,42,0.00599999999997181,41,36.8413614879047,18.4206807439524
42,10000,0.196000000000026,43,0.00600000000002865,42,36.8413614879047,18.4206807439524
42,10000,0.20599999999996,43,0.007000000000005,42,36.8413614879047,18.4206807439524
42,10000,0.230999999999995,43,0.00600000000002865,42,36.8413614879047,18.4206807439524
42,10000,0.224999999999966,43,0.00600000000002865,42,36.8413614879047,18.4206807439524
42,10000,0.223000000000013,43,0.00599999999997181,42,36.8413614879047,18.4206807439524
42,10000,0.262999999999977,43,0.007000000000005,42,36.8413614879047,18.4206807439524
42,10000,0.257000000000005,43,0.00799999999998136,43,36.8413614879047,18.4206807439524
42,10000,0.26400000000001,43,0.007000000000005,42,36.8413614879047,18.4206807439524
42,10000,0.343999999999994,43,0.0109999999999673,42,36.8413614879047,18.4206807439524
42,10000,0.363,43,0.00899999999995771,42,36.8413614879047,18.4206807439524
43,10000,0.283999999999992,44,0.00799999999998136,43,36.8413614879047,18.4206807439524
43,10000,0.29200000000003,44,0.00799999999998136,43,36.8413614879047,18.4206807439524
43,10000,0.300999999999988,44,0.0080000000000382,43,36.8413614879047,18.4206807439524
43,10000,0.289999999999964,44,0.0080000000000382,43,36.8413614879047,18.4206807439524
43,10000,0.290999999999997,44,0.00799999999998136,43,36.8413614879047,18.4206807439524
43,10000,0.290999999999997,44,0.00799999999998136,43,36.8413614879047,18.4206807439524
43,10000,0.401999999999987,44,0.0230000000000246,43,36.8413614879047,18.4206807439524
43,10000,1.66800000000001,44,0.0450000000000159,43,36.8413614879047,18.4206807439524
43,10000,1.77199999999999,44,0.0450000000000159,43,36.8413614879047,18.4206807439524
43,10000,1.71299999999997,44,0.0450000000000159,43,36.8413614879047,18.4206807439524
44,10000,1.68700000000001,45,0.0439999999999827,44,36.8413614879047,18.4206807439524
44,10000,1.69,45,0.0449999999999591,44,36.8413614879047,18.4206807439524
44,10000,1.69100000000003,45,0.0450000000000159,44,36.8413614879047,18.4206807439524
44,10000,1.74199999999996,45,0.0439999999999827,44,36.8413614879047,18.4206807439524
44,10000,1.69599999999997,45,0.0439999999999827,44,36.8413614879047,18.4206807439524
44,10000,1.69499999999999,45,0.0450000000000159,44,36.8413614879047,18.4206807439524
44,10000,1.69099999999997,45,0.0440000000000396,44,36.8413614879047,18.4206807439524
44,10000,1.68299999999999,45,0.0439999999999827,44,36.8413614879047,18.4206807439524
44,10000,1.69000000000005,45,0.0440000000000396,44,36.8413614879047,18.4206807439524
44,10000,1.69299999999998,45,0.0439999999999827,44,36.8413614879047,18.4206807439524
45,10000,1.673,46,0.0439999999999827,45,36.8413614879047,18.4206807439524
45,10000,1.67099999999999,46,0.0449999999999591,45,36.8413614879047,18.4206807439524
45,10000,1.67000000000002,46,0.0440000000000396,45,36.8413614879047,18.4206807439524
45,10000,1.66500000000002,46,0.0440000000000396,45,36.8413614879047,18.4206807439524
45,10000,1.66999999999996,46,0.0439999999999827,45,36.8413614879047,18.4206807439524
45,10000,0.425000000000011,46,0.00499999999999545,45,36.8413614879047,18.4206807439524
45,10000,0.163999999999987,46,0.00499999999999545,45,36.8413614879047,18.4206807439524
45,10000,0.165999999999997,46,0.00499999999999545,45,36.8413614879047,18.4206807439524
45,10000,0.15500000000003,46,0.00499999999999545,45,36.8413614879047,18.4206807439524
45,10000,0.152999999999963,46,0.00399999999996226,45,36.8413614879047,18.4206807439524
46,10000,0.156999999999982,47,0.00499999999999545,46,36.8413614879047,18.4206807439524
46,10000,0.162000000000035,47,0.0040000000000191,46,36.8413614879047,18.4206807439524
46,10000,0.158000000000015,47,0.007000000000005,46,36.8413614879047,18.4206807439524
46,10000,0.162000000000035,47,0.0040000000000191,46,36.8413614879047,18.4206807439524
46,10000,0.146999999999991,47,0.00399999999996226,46,36.8413614879047,18.4206807439524
46,10000,0.143000000000029,47,0.00499999999999545,46,36.8413614879047,18.4206807439524
46,10000,0.147999999999968,47,0.0040000000000191,46,36.8413614879047,18.4206807439524
46,10000,0.163999999999987,47,0.00399999999996226,46,36.8413614879047,18.4206807439524
46,10000,0.146999999999991,47,0.0040000000000191,46,36.8413614879047,18.4206807439524
46,10000,0.15300000000002,47,0.0029999999999859,46,36.8413614879047,18.4206807439524
47,10000,0.150999999999954,48,0.00399999999996226,47,36.8413614879047,18.4206807439524
47,10000,0.149000000000001,48,0.0040000000000191,47,36.8413614879047,18.4206807439524
47,10000,0.145000000000039,48,0.0040000000000191,47,36.8413614879047,18.4206807439524
47,10000,0.149000000000001,48,0.00499999999999545,47,36.8413614879047,18.4206807439524
47,10000,0.141999999999996,48,0.0040000000000191,47,36.8413614879047,18.4206807439524
47,10000,0.153999999999996,48,0.00399999999996226,47,36.8413614879047,18.4206807439524
47,10000,0.142999999999972,48,0.00399999999996226,47,36.8413614879047,18.4206807439524
47,10000,0.141999999999996,48,0.0040000000000191,47,36.8413614879047,18.4206807439524
47,10000,0.145000000000039,48,0.00499999999999545,47,36.8413614879047,18.4206807439524
47,10000,0.139999999999986,48,0.0040000000000191,47,36.8413614879047,18.4206807439524
48,10000,0.146000000000015,49,0.0040000000000191,48,36.8413614879047,18.4206807439524
48,10000,0.140999999999963,49,0.0040000000000191,48,36.8413614879047,18.4206807439524
48,10000,0.143000000000029,49,0.00399999999996226,48,36.8413614879047,18.4206807439524
48,10000,0.144000000000005,49,0.00499999999999545,48,36.8413614879047,18.4206807439524
48,10000,0.14100000000002,49,0.0040000000000191,48,36.8413614879047,18.4206807439524
48,10000,0.151999999999987,49,0.00399999999996226,48,36.8413614879047,18.4206807439524
48,10000,0.177000000000021,49,0.00499999999999545,48,36.8413614879047,18.4206807439524
48,10000,0.217000000000041,49,0.00599999999997181,48,36.8413614879047,18.4206807439524
48,10000,0.180000000000007,49,0.00499999999999545,48,36.8413614879047,18.4206807439524
48,10000,0.175000000000011,49,0.00399999999996226,48,36.8413614879047,18.4206807439524
49,10000,0.165999999999997,50,0.0040000000000191,49,36.8413614879047,18.4206807439524
49,10000,0.156999999999982,50,0.00399999999996226,49,36.8413614879047,18.4206807439524
49,10000,0.161999999999978,50,0.00499999999999545,49,36.8413614879047,18.4206807439524
49,10000,0.141999999999996,50,0.00499999999999545,50,36.8413614879047,18.4206807439524
49,10000,0.161000000000001,50,0.0040000000000191,49,36.8413614879047,18.4206807439524
49,10000,0.158999999999992,50,0.0040000000000191,49,36.8413614879047,18.4206807439524
49,10000,0.160000000000025,50,0.00399999999996226,49,36.8413614879047,18.4206807439524
49,10000,0.152999999999963,50,0.0040000000000191,49,36.8413614879047,18.4206807439524
49,10000,0.146000000000015,50,0.00499999999999545,49,36.8413614879047,18.4206807439524
49,10000,0.15300000000002,50,0.0040000000000191,49,36.8413614879047,18.4206807439524
50,10000,0.151999999999987,51,0.00399999999999068,50,36.8413614879047,18.4206807439524
50,10000,0.156999999999982,51,0.00499999999999545,50,36.8413614879047,18.4206807439524
50,10000,0.167000000000002,51,0.00399999999999068,50,36.8413614879047,18.4206807439524
50,10000,0.158999999999992,51,0.00399999999999068,50,36.8413614879047,18.4206807439524
50,10000,0.15900000000002,51,0.00500000000002387,50,36.8413614879047,18.4206807439524
50,10000,0.156999999999982,51,0.00399999999999068,50,36.8413614879047,18.4206807439524
50,10000,0.163000000000011,51,0.00399999999999068,50,36.8413614879047,18.4206807439524
50,10000,0.155000000000001,51,0.00499999999999545,50,36.8413614879047,18.4206807439524
50,10000,0.157000000000011,51,0.0040000000000191,50,36.8413614879047,18.4206807439524
50,10000,0.15900000000002,51,0.00499999999999545,50,36.8413614879047,18.4206807439524
51,10000,0.156000000000006,52,0.00499999999999545,51,36.8413614879047,18.4206807439524
51,10000,0.168000000000006,52,0.00600000000000023,51,36.8413614879047,18.4206807439524
51,10000,0.167000000000002,52,0.00499999999999545,51,36.8413614879047,18.4206807439524
51,10000,0.163999999999987,52,0.00600000000000023,51,36.8413614879047,18.4206807439524
51,10000,0.154000000000025,52,0.00499999999999545,51,36.8413614879047,18.4206807439524
51,10000,0.146999999999991,52,0.0040000000000191,51,36.8413614879047,18.4206807439524
51,10000,0.149000000000001,52,0.00399999999999068,52,36.8413614879047,18.4206807439524
51,10000,0.15300000000002,52,0.0040000000000191,51,36.8413614879047,18.4206807439524
51,10000,0.150000000000006,52,0.00499999999999545,51,36.8413614879047,18.4206807439524
51,10000,0.153999999999996,52,0.00399999999999068,51,36.8413614879047,18.4206807439524
52,10000,0.150000000000006,53,0.00399999999999068,52,36.8413614879047,18.4206807439524
52,10000,0.146999999999991,53,0.00499999999999545,52,36.8413614879047,18.4206807439524
52,10000,0.15300000000002,53,0.00399999999999068,52,36.8413614879047,18.4206807439524
52,10000,0.146999999999991,53,0.00399999999999068,52,36.8413614879047,18.4206807439524
52,10000,0.15300000000002,53,0.00499999999999545,52,36.8413614879047,18.4206807439524
52,10000,0.150000000000006,53,0.00399999999999068,52,36.8413614879047,18.4206807439524
52,10000,0.15100000000001,53,0.00499999999999545,52,36.8413614879047,18.4206807439524
52,10000,0.150000000000006,53,0.00399999999999068,53,36.8413614879047,18.4206807439524
52,10000,0.152999999999992,53,0.00500000000002387,52,36.8413614879047,18.4206807439524
52,10000,0.197000000000003,53,0.00499999999999545,52,36.8413614879047,18.4206807439524
53,10000,0.159999999999997,54,0.00399999999999068,53,36.8413614879047,18.4206807439524
53,10000,0.162000000000006,54,0.00600000000000023,53,36.8413614879047,18.4206807439524
53,10000,0.168000000000006,54,0.00499999999999545,53,36.8413614879047,18.4206807439524
53,10000,0.182000000000016,54,0.00399999999999068,53,36.8413614879047,18.4206807439524
53,10000,0.159999999999997,54,0.00499999999999545,53,36.8413614879047,18.4206807439524
53,10000,0.15100000000001,54,0.00399999999999068,53,36.8413614879047,18.4206807439524
53,10000,0.149000000000001,54,0.00600000000000023,53,36.8413614879047,18.4206807439524
53,10000,0.145999999999987,54,0.00499999999999545,53,36.8413614879047,18.4206807439524
53,10000,0.14500000000001,54,0.0040000000000191,53,36.8413614879047,18.4206807439524
53,10000,0.15900000000002,54,0.00499999999999545,53,36.8413614879047,18.4206807439524
54,10000,0.147999999999996,55,0.00399999999999068,54,36.8413614879047,18.4206807439524
54,10000,0.155000000000001,55,0.00600000000000023,54,36.8413614879047,18.4206807439524
54,10000,0.144000000000005,55,0.00499999999999545,54,36.8413614879047,18.4206807439524
54,10000,0.144000000000005,55,0.0040000000000191,54,36.8413614879047,18.4206807439524
54,10000,0.149000000000001,55,0.0040000000000191,54,36.8413614879047,18.4206807439524
54,10000,0.144000000000005,55,0.00499999999999545,54,36.8413614879047,18.4206807439524
54,10000,0.146999999999991,55,0.00399999999999068,54,36.8413614879047,18.4206807439524
54,10000,0.147999999999996,55,0.0040000000000191,54,36.8413614879047,18.4206807439524
54,10000,0.143000000000001,55,0.00499999999999545,54,36.8413614879047,18.4206807439524
54,10000,0.146000000000015,55,0.00399999999999068,54,36.8413614879047,18.4206807439524
55,10000,0.14500000000001,56,0.00499999999999545,55,36.8413614879047,18.4206807439524
55,10000,0.146000000000015,56,0.00499999999999545,55,36.8413614879047,18.4206807439524
55,10000,0.147999999999996,56,0.00399999999999068,55,36.8413614879047,18.4206807439524
55,10000,0.149000000000001,56,0.00399999999999068,55,36.8413614879047,18.4206807439524
55,10000,0.14700000000002,56,0.0040000000000191,55,36.8413614879047,18.4206807439524
55,10000,0.151999999999987,56,0.00399999999999068,55,36.8413614879047,18.4206807439524
55,10000,0.143000000000001,56,0.0040000000000191,55,36.8413614879047,18.4206807439524
55,10000,0.15100000000001,56,0.00499999999999545,55,36.8413614879047,18.4206807439524
55,10000,0.152999999999992,56,0.00399999999999068,55,36.8413614879047,18.4206807439524
55,10000,0.146000000000015,56,0.00499999999999545,55,36.8413614879047,18.4206807439524
56,10000,0.149000000000001,57,0.0040000000000191,56,36.8413614879047,18.4206807439524
56,10000,0.143000000000001,57,0.00399999999999068,56,36.8413614879047,18.4206807439524
56,10000,0.142999999999972,57,0.00499999999999545,56,36.8413614879047,18.4206807439524
56,10000,0.143000000000001,57,0.0040000000000191,56,36.8413614879047,18.4206807439524
56,10000,0.139999999999986,57,0.00499999999999545,56,36.8413614879047,18.4206807439524
56,10000,0.143999999999977,57,0.0040000000000191,56,36.8413614879047,18.4206807439524
56,10000,0.144000000000005,57,0.0040000000000191,56,36.8413614879047,18.4206807439524
56,10000,0.141999999999996,57,0.00399999999999068,56,36.8413614879047,18.4206807439524
56,10000,0.144999999999982,57,0.00399999999999068,56,36.8413614879047,18.4206807439524
56,10000,0.146999999999991,57,0.00399999999999068,56,36.8413614879047,18.4206807439524
57,10000,0.149000000000001,58,0.00399999999999068,57,36.8413614879047,18.4206807439524
57,10000,0.141999999999996,58,0.0040000000000191,57,36.8413614879047,18.4206807439524
57,10000,0.153999999999996,58,0.00499999999999545,57,36.8413614879047,18.4206807439524
57,10000,0.146999999999991,58,0.00399999999999068,57,36.8413614879047,18.4206807439524
57,10000,0.153999999999996,58,0.0040000000000191,57,36.8413614879047,18.4206807439524
57,10000,0.149000000000001,58,0.00399999999999068,57,36.8413614879047,18.4206807439524
57,10000,0.144000000000005,58,0.00399999999999068,57,36.8413614879047,18.4206807439524
57,10000,0.148000000000025,58,0.00399999999999068,57,36.8413614879047,18.4206807439524
57,10000,0.149000000000001,58,0.00399999999999068,57,36.8413614879047,18.4206807439524
57,10000,0.146999999999991,58,0.00499999999999545,57,36.8413614879047,18.4206807439524
58,10000,0.145999999999987,59,0.00499999999999545,58,36.8413614879047,18.4206807439524
58,10000,0.147999999999996,59,0.00399999999999068,58,36.8413614879047,18.4206807439524
58,10000,0.146999999999991,59,0.00399999999999068,58,36.8413614879047,18.4206807439524
58,10000,0.149000000000001,59,0.00499999999999545,58,36.8413614879047,18.4206807439524
58,10000,0.146999999999991,59,0.0040000000000191,58,36.8413614879047,18.4206807439524
58,10000,0.143999999999977,59,0.00399999999999068,59,36.8413614879047,18.4206807439524
58,10000,0.144000000000005,59,0.00499999999999545,58,36.8413614879047,18.4206807439524
58,10000,0.147999999999996,59,0.00399999999999068,58,36.8413614879047,18.4206807439524
58,10000,0.149000000000001,59,0.00500000000002387,58,36.8413614879047,18.4206807439524
58,10000,0.156000000000006,59,0.00499999999999545,59,36.8413614879047,18.4206807439524
59,10000,0.157000000000011,60,0.00499999999999545,59,36.8413614879047,18.4206807439524
59,10000,0.156000000000006,60,0.00399999999999068,59,36.8413614879047,18.4206807439524
59,10000,0.155000000000001,60,0.00499999999999545,59,36.8413614879047,18.4206807439524
59,10000,0.157999999999987,60,0.00399999999999068,59,36.8413614879047,18.4206807439524
59,10000,0.170999999999992,60,0.00500000000002387,59,36.8413614879047,18.4206807439524
59,10000,0.171999999999997,60,0.00500000000002387,59,36.8413614879047,18.4206807439524
59,10000,0.171999999999997,60,0.00499999999999545,59,36.8413614879047,18.4206807439524
59,10000,0.171999999999997,60,0.00499999999999545,59,36.8413614879047,18.4206807439524
59,10000,0.194999999999993,60,0.00499999999999545,59,36.8413614879047,18.4206807439524
59,10000,0.195999999999998,60,0.00499999999999545,59,36.8413614879047,18.4206807439524
60,10000,0.192999999999984,61,0.00499999999999545,60,36.8413614879047,18.4206807439524
60,10000,0.205000000000013,61,0.00600000000000023,60,36.8413614879047,18.4206807439524
60,10000,0.225999999999999,61,0.00600000000000023,60,36.8413614879047,18.4206807439524
60,10000,0.231000000000023,61,0.007000000000005,60,36.8413614879047,18.4206807439524
60,10000,0.233000000000004,61,0.00800000000000978,60,36.8413614879047,18.4206807439524
60,10000,0.326999999999998,61,0.00999999999999091,60,36.8413614879047,18.4206807439524
60,10000,1.036,61,0.0349999999999966,60,36.8413614879047,18.4206807439524
60,10000,1.37100000000001,61,0.0380000000000109,60,36.8413614879047,18.4206807439524
60,10000,1.35500000000002,61,0.0359999999999729,60,36.8413614879047,18.4206807439524
60,10000,1.36599999999999,61,0.0370000000000061,60,36.8413614879047,18.4206807439524
61,10000,1.482,62,0.0360000000000014,61,36.8413614879047,18.4206807439524
61,10000,1.38899999999998,62,0.0360000000000014,61,36.8413614879047,18.4206807439524
61,10000,1.33000000000001,62,0.0349999999999966,61,36.8413614879047,18.4206807439524
61,10000,1.31800000000001,62,0.0359999999999729,61,36.8413614879047,18.4206807439524
61,10000,1.33600000000001,62,0.0360000000000014,61,36.8413614879047,18.4206807439524
61,10000,1.41800000000001,62,0.0360000000000014,61,36.8413614879047,18.4206807439524
61,10000,1.358,62,0.0360000000000014,61,36.8413614879047,18.4206807439524
61,10000,1.374,62,0.0409999999999968,61,36.8413614879047,18.4206807439524
61,10000,1.53899999999999,62,0.0360000000000014,61,36.8413614879047,18.4206807439524
61,10000,1.369,62,0.0360000000000014,61,36.8413614879047,18.4206807439524
62,10000,1.315,63,0.0349999999999966,62,36.8413614879047,18.4206807439524
62,10000,1.29900000000001,63,0.0349999999999966,62,36.8413614879047,18.4206807439524
62,10000,1.29499999999999,63,0.0349999999999966,62,36.8413614879047,18.4206807439524
62,10000,1.31700000000001,63,0.0360000000000014,62,36.8413614879047,18.4206807439524
62,10000,1.29999999999998,63,0.0349999999999966,62,36.8413614879047,18.4206807439524
62,10000,1.30199999999999,63,0.0349999999999966,62,36.8413614879047,18.4206807439524
62,10000,1.30800000000002,63,0.0349999999999966,62,36.8413614879047,18.4206807439524
62,10000,1.29900000000001,63,0.0359999999999729,62,36.8413614879047,18.4206807439524
62,10000,1.304,63,0.0360000000000014,62,36.8413614879047,18.4206807439524
62,10000,1.31099999999998,63,0.0360000000000014,62,36.8413614879047,18.4206807439524
63,10000,1.32000000000002,64,0.0349999999999966,63,36.8413614879047,18.4206807439524
63,10000,1.441,64,0.0360000000000014,63,36.8413614879047,18.4206807439524
63,10000,1.18600000000001,64,0.00600000000000023,63,36.8413614879047,18.4206807439524
63,10000,0.163999999999987,64,0.00399999999999068,63,36.8413614879047,18.4206807439524
63,10000,0.149000000000001,64,0.00500000000002387,64,36.8413614879047,18.4206807439524
63,10000,0.151999999999987,64,0.0040000000000191,63,36.8413614879047,18.4206807439524
63,10000,0.147999999999996,64,0.00399999999999068,63,36.8413614879047,18.4206807439524
63,10000,0.158000000000015,64,0.00499999999999545,63,36.8413614879047,18.4206807439524
63,10000,0.141999999999996,64,0.0040000000000191,63,36.8413614879047,18.4206807439524
63,10000,0.155000000000001,64,0.00399999999999068,63,36.8413614879047,18.4206807439524
64,10000,0.144000000000005,65,0.00499999999999545,64,36.8413614879047,18.4206807439524
64,10000,0.140999999999991,65,0.00499999999999545,64,36.8413614879047,18.4206807439524
64,10000,0.146000000000015,65,0.0040000000000191,64,36.8413614879047,18.4206807439524
64,10000,0.140999999999991,65,0.00399999999999068,64,36.8413614879047,18.4206807439524
64,10000,0.138000000000005,65,0.00399999999999068,65,36.8413614879047,18.4206807439524
64,10000,0.129999999999995,65,0.00399999999999068,64,36.8413614879047,18.4206807439524
64,10000,0.131,65,0.00399999999999068,64,36.8413614879047,18.4206807439524
64,10000,0.134999999999991,65,0.00399999999999068,64,36.8413614879047,18.4206807439524
64,10000,0.132000000000005,65,0.00399999999999068,64,36.8413614879047,18.4206807439524
64,10000,0.139999999999986,65,0.00399999999999068,64,36.8413614879047,18.4206807439524
65,10000,0.128000000000014,66,0.00399999999999068,65,36.8413614879047,18.4206807439524
65,10000,0.127999999999986,66,0.0040000000000191,65,36.8413614879047,18.4206807439524
65,10000,0.133999999999986,66,0.0040000000000191,65,36.8413614879047,18.4206807439524
65,10000,0.129000000000019,66,0.0029999999999859,65,36.8413614879047,18.4206807439524
65,10000,0.129999999999995,66,0.00300000000001432,65,36.8413614879047,18.4206807439524
65,10000,0.126000000000005,66,0.00399999999999068,65,36.8413614879047,18.4206807439524
65,10000,0.135999999999996,66,0.00399999999999068,65,36.8413614879047,18.4206807439524
65,10000,0.128999999999991,66,0.00399999999999068,65,36.8413614879047,18.4206807439524
65,10000,0.128000000000014,66,0.0029999999999859,65,36.8413614879047,18.4206807439524
65,10000,0.129999999999995,66,0.00499999999999545,65,36.8413614879047,18.4206807439524
66,10000,0.124000000000024,67,0.00499999999999545,66,36.8413614879047,18.4206807439524
66,10000,0.129999999999995,67,0.00399999999999068,66,36.8413614879047,18.4206807439524
66,10000,0.146000000000015,67,0.00499999999999545,66,36.8413614879047,18.4206807439524
66,10000,0.141999999999996,67,0.00399999999999068,66,36.8413614879047,18.4206807439524
66,10000,0.137999999999977,67,0.00399999999999068,66,36.8413614879047,18.4206807439524
66,10000,0.131,67,0.0040000000000191,66,36.8413614879047,18.4206807439524
66,10000,0.146999999999991,67,0.00399999999999068,66,36.8413614879047,18.4206807439524
66,10000,0.13300000000001,67,0.0040000000000191,66,36.8413614879047,18.4206807439524
66,10000,0.14100000000002,67,0.00399999999999068,66,36.8413614879047,18.4206807439524
66,10000,0.126000000000005,67,0.00399999999999068,66,36.8413614879047,18.4206807439524
67,10000,0.128000000000014,68,0.00300000000001432,67,36.8413614879047,18.4206807439524
67,10000,0.130000000000024,68,0.00399999999999068,67,36.8413614879047,18.4206807439524
67,10000,0.13300000000001,68,0.0029999999999859,67,36.8413614879047,18.4206807439524
67,10000,0.130000000000024,68,0.00399999999999068,67,36.8413614879047,18.4206807439524
67,10000,0.132000000000005,68,0.0040000000000191,67,36.8413614879047,18.4206807439524
67,10000,0.140000000000015,68,0.00499999999999545,67,36.8413614879047,18.4206807439524
67,10000,0.143000000000001,68,0.00399999999999068,67,36.8413614879047,18.4206807439524
67,10000,0.131,68,0.00399999999999068,67,36.8413614879047,18.4206807439524
67,10000,0.140000000000015,68,0.0040000000000191,67,36.8413614879047,18.4206807439524
67,10000,0.135000000000048,68,0.00399999999996226,67,36.8413614879047,18.4206807439524
68,10000,0.125999999999976,69,0.0040000000000191,68,36.8413614879047,18.4206807439524
68,10000,0.129000000000019,69,0.0040000000000191,68,36.8413614879047,18.4206807439524
68,10000,0.125999999999976,69,0.0029999999999859,68,36.8413614879047,18.4206807439524
68,10000,0.126000000000033,69,0.0029999999999859,68,36.8413614879047,18.4206807439524
68,10000,0.12700000000001,69,0.0040000000000191,68,36.8413614879047,18.4206807439524
68,10000,0.139999999999986,69,0.0040000000000191,68,36.8413614879047,18.4206807439524
68,10000,0.130999999999972,69,0.00499999999999545,68,36.8413614879047,18.4206807439524
68,10000,0.138999999999953,69,0.00499999999999545,68,36.8413614879047,18.4206807439524
68,10000,0.129000000000019,69,0.0040000000000191,68,36.8413614879047,18.4206807439524
68,10000,0.127999999999986,69,0.0040000000000191,68,36.8413614879047,18.4206807439524
69,10000,0.12700000000001,70,0.0029999999999859,69,36.8413614879047,18.4206807439524
69,10000,0.127999999999986,70,0.0040000000000191,70,36.8413614879047,18.4206807439524
69,10000,0.132999999999981,70,0.0029999999999859,69,36.8413614879047,18.4206807439524
69,10000,0.136000000000024,70,0.0040000000000191,69,36.8413614879047,18.4206807439524
69,10000,0.137,70,0.0040000000000191,69,36.8413614879047,18.4206807439524
69,10000,0.13900000000001,70,0.0029999999999859,69,36.8413614879047,18.4206807439524
69,10000,0.132999999999981,70,0.00399999999996226,69,36.8413614879047,18.4206807439524
69,10000,0.12700000000001,70,0.0040000000000191,69,36.8413614879047,18.4206807439524
69,10000,0.127999999999986,70,0.0040000000000191,69,36.8413614879047,18.4206807439524
69,10000,0.125999999999976,70,0.0040000000000191,69,36.8413614879047,18.4206807439524
70,10000,0.124000000000024,71,0.0040000000000191,70,36.8413614879047,18.4206807439524
70,10000,0.127999999999986,71,0.0040000000000191,70,36.8413614879047,18.4206807439524
70,10000,0.125999999999976,71,0.00399999999996226,70,36.8413614879047,18.4206807439524
70,10000,0.126999999999953,71,0.0029999999999859,70,36.8413614879047,18.4206807439524
70,10000,0.125,71,0.0029999999999859,71,36.8413614879047,18.4206807439524
70,10000,0.125999999999976,71,0.0040000000000191,70,36.8413614879047,18.4206807439524
70,10000,0.125,71,0.00399999999996226,70,36.8413614879047,18.4206807439524
70,10000,0.117999999999995,71,0.0040000000000191,70,36.8413614879047,18.4206807439524
70,10000,0.117999999999995,71,0.0029999999999859,70,36.8413614879047,18.4206807439524
70,10000,0.120000000000005,71,0.0029999999999859,70,36.8413614879047,18.4206807439524
71,10000,0.121000000000038,72,0.00399999999996226,71,36.8413614879047,18.4206807439524
71,10000,0.123999999999967,72,0.00499999999999545,71,36.8413614879047,18.4206807439524
71,10000,0.149000000000001,72,0.0040000000000191,71,36.8413614879047,18.4206807439524
71,10000,0.121000000000038,72,0.0029999999999859,71,36.8413614879047,18.4206807439524
71,10000,0.122000000000014,72,0.0040000000000191,71,36.8413614879047,18.4206807439524
71,10000,0.127999999999986,72,0.00499999999999545,71,36.8413614879047,18.4206807439524
71,10000,0.146000000000015,72,0.00599999999997181,71,36.8413614879047,18.4206807439524
71,10000,0.138000000000034,72,0.00599999999997181,71,36.8413614879047,18.4206807439524
71,10000,0.132000000000005,72,0.0040000000000191,71,36.8413614879047,18.4206807439524
71,10000,0.134999999999991,72,0.0040000000000191,71,36.8413614879047,18.4206807439524
72,10000,0.12700000000001,73,0.00499999999999545,72,36.8413614879047,18.4206807439524
72,10000,0.129000000000019,73,0.0040000000000191,72,36.8413614879047,18.4206807439524
72,10000,0.117000000000019,73,0.00300000000004275,72,36.8413614879047,18.4206807439524
72,10000,0.120999999999981,73,0.0040000000000191,72,36.8413614879047,18.4206807439524
72,10000,0.120000000000005,73,0.0040000000000191,72,36.8413614879047,18.4206807439524
72,10000,0.119000000000028,73,0.0029999999999859,72,36.8413614879047,18.4206807439524
72,10000,0.117000000000019,73,0.00399999999996226,72,36.8413614879047,18.4206807439524
72,10000,0.120999999999981,73,0.0040000000000191,72,36.8413614879047,18.4206807439524
72,10000,0.121000000000038,73,0.0040000000000191,72,36.8413614879047,18.4206807439524
72,10000,0.115999999999985,73,0.0040000000000191,72,36.8413614879047,18.4206807439524
73,10000,0.114999999999952,74,0.0029999999999859,73,36.8413614879047,18.4206807439524
73,10000,0.117000000000019,74,0.0040000000000191,74,36.8413614879047,18.4206807439524
73,10000,0.117000000000019,74,0.0040000000000191,73,36.8413614879047,18.4206807439524
73,10000,0.120000000000005,74,0.00399999999996226,73,36.8413614879047,18.4206807439524
73,10000,0.117000000000019,74,0.0040000000000191,73,36.8413614879047,18.4206807439524
73,10000,0.117000000000019,74,0.0029999999999859,73,36.8413614879047,18.4206807439524
73,10000,0.120000000000005,74,0.0029999999999859,73,36.8413614879047,18.4206807439524
73,10000,0.119000000000028,74,0.0040000000000191,73,36.8413614879047,18.4206807439524
73,10000,0.12299999999999,74,0.0040000000000191,73,36.8413614879047,18.4206807439524
73,10000,0.124000000000024,74,0.0040000000000191,73,36.8413614879047,18.4206807439524
74,10000,0.121000000000038,75,0.00399999999996226,75,36.8413614879047,18.4206807439524
74,10000,0.120000000000005,75,0.00399999999996226,74,36.8413614879047,18.4206807439524
74,10000,0.125999999999976,75,0.0029999999999859,75,36.8413614879047,18.4206807439524
74,10000,0.125,75,0.0040000000000191,74,36.8413614879047,18.4206807439524
74,10000,0.126999999999953,75,0.0040000000000191,74,36.8413614879047,18.4206807439524
74,10000,0.132999999999981,75,0.00399999999996226,74,36.8413614879047,18.4206807439524
74,10000,0.129999999999995,75,0.0040000000000191,74,36.8413614879047,18.4206807439524
74,10000,0.129000000000019,75,0.0040000000000191,74,36.8413614879047,18.4206807439524
74,10000,0.132000000000005,75,0.00499999999999545,74,36.8413614879047,18.4206807439524
74,10000,0.143000000000029,75,0.0040000000000191,75,36.8413614879047,18.4206807439524
75,10000,0.149000000000001,76,0.0040000000000191,75,36.8413614879047,18.4206807439524
75,10000,0.147999999999968,76,0.00399999999996226,75,36.8413614879047,18.4206807439524
75,10000,0.143000000000029,76,0.00399999999996226,75,36.8413614879047,18.4206807439524
75,10000,0.146000000000015,76,0.00499999999999545,75,36.8413614879047,18.4206807439524
75,10000,0.173999999999978,76,0.00499999999999545,75,36.8413614879047,18.4206807439524
75,10000,0.168000000000006,76,0.00499999999999545,75,36.8413614879047,18.4206807439524
75,10000,0.170000000000016,76,0.00599999999997181,75,36.8413614879047,18.4206807439524
75,10000,0.172000000000025,76,0.00499999999999545,75,36.8413614879047,18.4206807439524
75,10000,0.220000000000027,76,0.007000000000005,75,36.8413614879047,18.4206807439524
75,10000,0.253000000000043,76,0.007000000000005,76,36.8413614879047,18.4206807439524
76,10000,0.128999999999991,77,0.0040000000000191,76,36.8413614879047,18.4206807439524
76,10000,0.120000000000005,77,0.00399999999999068,76,36.8413614879047,18.4206807439524
76,10000,0.120000000000005,77,0.0029999999999859,76,36.8413614879047,18.4206807439524
76,10000,0.119999999999976,77,0.00300000000001432,76,36.8413614879047,18.4206807439524
76,10000,0.11699999999999,77,0.0029999999999859,76,36.8413614879047,18.4206807439524
76,10000,0.115000000000009,77,0.00399999999999068,76,36.8413614879047,18.4206807439524
76,10000,0.114999999999981,77,0.00399999999999068,76,36.8413614879047,18.4206807439524
76,10000,0.119,77,0.00300000000001432,76,36.8413614879047,18.4206807439524
76,10000,0.116000000000014,77,0.00399999999999068,76,36.8413614879047,18.4206807439524
76,10000,0.113,77,0.0029999999999859,76,36.8413614879047,18.4206807439524
77,10000,0.122000000000014,78,0.0029999999999859,77,36.8413614879047,18.4206807439524
77,10000,0.111999999999995,78,0.00399999999999068,77,36.8413614879047,18.4206807439524
77,10000,0.119,78,0.00499999999999545,77,36.8413614879047,18.4206807439524
77,10000,0.125,78,0.00399999999999068,77,36.8413614879047,18.4206807439524
77,10000,0.125,78,0.00399999999999068,77,36.8413614879047,18.4206807439524
77,10000,0.121000000000009,78,0.00399999999999068,77,36.8413614879047,18.4206807439524
77,10000,0.119,78,0.00399999999999068,77,36.8413614879047,18.4206807439524
77,10000,0.119,78,0.0040000000000191,77,36.8413614879047,18.4206807439524
77,10000,0.109999999999985,78,0.0029999999999859,77,36.8413614879047,18.4206807439524
77,10000,0.109999999999985,78,0.0029999999999859,77,36.8413614879047,18.4206807439524
78,10000,0.115000000000009,79,0.0029999999999859,78,36.8413614879047,18.4206807439524
78,10000,0.109000000000009,79,0.00399999999999068,79,36.8413614879047,18.4206807439524
78,10000,0.116000000000014,79,0.0040000000000191,78,36.8413614879047,18.4206807439524
78,10000,0.110000000000014,79,0.0029999999999859,78,36.8413614879047,18.4206807439524
78,10000,0.111999999999995,79,0.0029999999999859,78,36.8413614879047,18.4206807439524
78,10000,0.10899999999998,79,0.0040000000000191,78,36.8413614879047,18.4206807439524
78,10000,0.113999999999976,79,0.00300000000001432,78,36.8413614879047,18.4206807439524
78,10000,0.113,79,0.0040000000000191,78,36.8413614879047,18.4206807439524
78,10000,0.11099999999999,79,0.00300000000001432,78,36.8413614879047,18.4206807439524
78,10000,0.112000000000023,79,0.0029999999999859,78,36.8413614879047,18.4206807439524
79,10000,0.110000000000014,80,0.0029999999999859,79,36.8413614879047,18.4206807439524
79,10000,0.109000000000009,80,0.00300000000001432,79,36.8413614879047,18.4206807439524
79,10000,0.10899999999998,80,0.00399999999999068,79,36.8413614879047,18.4206807439524
79,10000,0.110000000000014,80,0.0029999999999859,79,36.8413614879047,18.4206807439524
79,10000,0.111999999999995,80,0.00499999999999545,79,36.8413614879047,18.4206807439524
79,10000,0.12700000000001,80,0.00399999999999068,79,36.8413614879047,18.4206807439524
79,10000,0.122000000000014,80,0.0040000000000191,79,36.8413614879047,18.4206807439524
79,10000,0.12299999999999,80,0.00399999999999068,79,36.8413614879047,18.4206807439524
79,10000,0.12700000000001,80,0.00300000000001432,79,36.8413614879047,18.4206807439524
79,10000,0.126000000000005,80,0.00600000000000023,79,36.8413614879047,18.4206807439524
80,10000,0.150999999999982,81,0.00399999999999068,80,36.8413614879047,18.4206807439524
80,10000,0.11699999999999,81,0.00399999999999068,81,36.8413614879047,18.4206807439524
80,10000,0.110000000000014,81,0.00399999999999068,80,36.8413614879047,18.4206807439524
80,10000,0.109999999999985,81,0.0029999999999859,80,36.8413614879047,18.4206807439524
80,10000,0.114000000000004,81,0.00300000000001432,80,36.8413614879047,18.4206807439524
80,10000,0.110000000000014,81,0.00300000000001432,80,36.8413614879047,18.4206807439524
80,10000,0.108000000000004,81,0.0040000000000191,80,36.8413614879047,18.4206807439524
80,10000,0.120000000000005,81,0.0040000000000191,80,36.8413614879047,18.4206807439524
80,10000,0.11099999999999,81,0.00300000000001432,80,36.8413614879047,18.4206807439524
80,10000,0.109000000000009,81,0.0029999999999859,80,36.8413614879047,18.4206807439524
81,10000,0.133999999999986,82,0.0029999999999859,81,36.8413614879047,18.4206807439524
81,10000,0.108000000000004,82,0.0029999999999859,81,36.8413614879047,18.4206807439524
81,10000,0.105999999999995,82,0.00399999999999068,81,36.8413614879047,18.4206807439524
81,10000,0.113,82,0.00300000000001432,81,36.8413614879047,18.4206807439524
81,10000,0.108000000000004,82,0.0040000000000191,81,36.8413614879047,18.4206807439524
81,10000,0.109999999999985,82,0.0029999999999859,81,36.8413614879047,18.4206807439524
81,10000,0.109000000000009,82,0.00399999999999068,81,36.8413614879047,18.4206807439524
81,10000,0.109000000000009,82,0.00300000000001432,81,36.8413614879047,18.4206807439524
81,10000,0.108000000000004,82,0.00399999999999068,81,36.8413614879047,18.4206807439524
81,10000,0.11099999999999,82,0.00399999999999068,81,36.8413614879047,18.4206807439524
82,10000,0.11099999999999,83,0.00300000000001432,82,36.8413614879047,18.4206807439524
82,10000,0.113999999999976,83,0.00399999999999068,83,36.8413614879047,18.4206807439524
82,10000,0.111999999999995,83,0.0040000000000191,82,36.8413614879047,18.4206807439524
82,10000,0.111999999999995,83,0.0029999999999859,82,36.8413614879047,18.4206807439524
82,10000,0.111000000000018,83,0.0040000000000191,82,36.8413614879047,18.4206807439524
82,10000,0.11099999999999,83,0.00399999999999068,82,36.8413614879047,18.4206807439524
82,10000,0.111999999999995,83,0.00399999999999068,82,36.8413614879047,18.4206807439524
82,10000,0.115999999999985,83,0.00300000000001432,82,36.8413614879047,18.4206807439524
82,10000,0.110000000000014,83,0.00300000000001432,82,36.8413614879047,18.4206807439524
82,10000,0.114999999999981,83,0.00399999999999068,82,36.8413614879047,18.4206807439524
83,10000,0.117999999999995,84,0.0040000000000191,83,36.8413614879047,18.4206807439524
83,10000,0.110000000000014,84,0.00300000000001432,83,36.8413614879047,18.4206807439524
83,10000,0.106999999999999,84,0.0029999999999859,83,36.8413614879047,18.4206807439524
83,10000,0.110000000000014,84,0.00399999999999068,84,36.8413614879047,18.4206807439524
83,10000,0.105999999999995,84,0.0029999999999859,84,36.8413614879047,18.4206807439524
83,10000,0.10899999999998,84,0.0040000000000191,83,36.8413614879047,18.4206807439524
83,10000,0.108000000000004,84,0.00399999999999068,83,36.8413614879047,18.4206807439524
83,10000,0.10899999999998,84,0.0040000000000191,83,36.8413614879047,18.4206807439524
83,10000,0.110000000000014,84,0.0029999999999859,83,36.8413614879047,18.4206807439524
83,10000,0.10899999999998,84,0.0029999999999859,83,36.8413614879047,18.4206807439524
84,10000,0.108000000000004,85,0.0029999999999859,84,36.8413614879047,18.4206807439524
84,10000,0.10499999999999,85,0.0029999999999859,84,36.8413614879047,18.4206807439524
84,10000,0.108000000000004,85,0.00399999999999068,84,36.8413614879047,18.4206807439524
84,10000,0.106999999999999,85,0.0029999999999859,84,36.8413614879047,18.4206807439524
84,10000,0.111999999999995,85,0.0029999999999859,84,36.8413614879047,18.4206807439524
84,10000,0.114000000000004,85,0.00300000000001432,84,36.8413614879047,18.4206807439524
84,10000,0.108000000000004,85,0.0029999999999859,84,36.8413614879047,18.4206807439524
84,10000,0.109000000000009,85,0.0040000000000191,84,36.8413614879047,18.4206807439524
84,10000,0.111000000000018,85,0.00399999999999068,84,36.8413614879047,18.4206807439524
84,10000,0.111000000000018,85,0.0029999999999859,84,36.8413614879047,18.4206807439524
85,10000,0.114999999999981,86,0.00399999999999068,85,36.8413614879047,18.4206807439524
85,10000,0.111999999999995,86,0.00300000000001432,85,36.8413614879047,18.4206807439524
85,10000,0.104000000000013,86,0.00300000000001432,85,36.8413614879047,18.4206807439524
85,10000,0.105999999999995,86,0.0029999999999859,85,36.8413614879047,18.4206807439524
85,10000,0.11099999999999,86,0.00300000000001432,85,36.8413614879047,18.4206807439524
85,10000,0.111000000000018,86,0.00399999999999068,85,36.8413614879047,18.4206807439524
85,10000,0.110000000000014,86,0.0029999999999859,85,36.8413614879047,18.4206807439524
85,10000,0.111000000000018,86,0.0029999999999859,85,36.8413614879047,18.4206807439524
85,10000,0.113,86,0.0029999999999859,85,36.8413614879047,18.4206807439524
85,10000,0.112000000000023,86,0.00300000000001432,85,36.8413614879047,18.4206807439524
86,10000,0.111000000000018,87,0.0029999999999859,86,36.8413614879047,18.4206807439524
86,10000,0.115000000000009,87,0.00399999999999068,86,36.8413614879047,18.4206807439524
86,10000,0.110000000000014,87,0.0029999999999859,86,36.8413614879047,18.4206807439524
86,10000,0.10899999999998,87,0.00399999999999068,86,36.8413614879047,18.4206807439524
86,10000,0.105000000000018,87,0.0029999999999859,86,36.8413614879047,18.4206807439524
86,10000,0.109999999999985,87,0.0029999999999859,86,36.8413614879047,18.4206807439524
86,10000,0.113,87,0.00300000000001432,86,36.8413614879047,18.4206807439524
86,10000,0.115000000000009,87,0.00399999999999068,86,36.8413614879047,18.4206807439524
86,10000,0.119,87,0.00300000000001432,86,36.8413614879047,18.4206807439524
86,10000,0.117999999999995,87,0.00300000000001432,86,36.8413614879047,18.4206807439524
87,10000,0.117000000000019,88,0.0040000000000191,87,36.8413614879047,18.4206807439524
87,10000,0.120000000000005,88,0.0029999999999859,87,36.8413614879047,18.4206807439524
87,10000,0.11699999999999,88,0.0040000000000191,87,36.8413614879047,18.4206807439524
87,10000,0.119,88,0.0040000000000191,87,36.8413614879047,18.4206807439524
87,10000,0.126000000000005,88,0.00399999999999068,87,36.8413614879047,18.4206807439524
87,10000,0.132000000000005,88,0.00399999999999068,87,36.8413614879047,18.4206807439524
87,10000,0.12700000000001,88,0.0040000000000191,87,36.8413614879047,18.4206807439524
87,10000,0.129000000000019,88,0.00399999999999068,87,36.8413614879047,18.4206807439524
87,10000,0.131,88,0.00399999999999068,87,36.8413614879047,18.4206807439524
87,10000,0.14700000000002,88,0.0040000000000191,87,36.8413614879047,18.4206807439524
88,10000,0.146999999999991,89,0.00399999999999068,88,36.8413614879047,18.4206807439524
88,10000,0.14500000000001,89,0.0040000000000191,88,36.8413614879047,18.4206807439524
88,10000,0.147999999999996,89,0.0040000000000191,88,36.8413614879047,18.4206807439524
88,10000,0.160000000000025,89,0.00499999999999545,88,36.8413614879047,18.4206807439524
88,10000,0.170999999999992,89,0.00499999999999545,88,36.8413614879047,18.4206807439524
88,10000,0.169999999999987,89,0.00600000000000023,88,36.8413614879047,18.4206807439524
88,10000,0.175000000000011,89,0.00500000000002387,88,36.8413614879047,18.4206807439524
88,10000,0.204000000000008,89,0.007000000000005,88,36.8413614879047,18.4206807439524
88,10000,0.250999999999976,89,0.00999999999999091,88,36.8413614879047,18.4206807439524
88,10000,0.919999999999987,89,0.02800000000002,88,36.8413614879047,18.4206807439524
89,10000,1.048,90,0.0289999999999964,89,36.8413614879047,18.4206807439524
89,10000,1.00900000000001,90,0.0279999999999916,89,36.8413614879047,18.4206807439524
89,10000,1.01400000000001,90,0.02800000000002,89,36.8413614879047,18.4206807439524
89,10000,1.14600000000002,90,0.0300000000000011,89,36.8413614879047,18.4206807439524
89,10000,1.05100000000002,90,0.0279999999999916,89,36.8413614879047,18.4206807439524
89,10000,1.01299999999998,90,0.0289999999999964,89,36.8413614879047,18.4206807439524
89,10000,1.04300000000001,90,0.0279999999999916,89,36.8413614879047,18.4206807439524
89,10000,1.00299999999999,90,0.02800000000002,89,36.8413614879047,18.4206807439524
89,10000,1,90,0.0289999999999964,89,36.8413614879047,18.4206807439524
89,10000,1.01399999999998,90,0.0289999999999964,89,36.8413614879047,18.4206807439524
90,10000,1.018,91,0.0289999999999964,90,36.8413614879047,18.4206807439524
90,10000,1.01599999999999,91,0.0289999999999964,90,36.8413614879047,18.4206807439524
90,10000,1.03,91,0.0279999999999916,90,36.8413614879047,18.4206807439524
90,10000,1.03799999999998,91,0.0289999999999964,90,36.8413614879047,18.4206807439524
90,10000,1.04000000000002,91,0.0279999999999916,90,36.8413614879047,18.4206807439524
90,10000,1.02000000000001,91,0.0279999999999916,90,36.8413614879047,18.4206807439524
90,10000,0.996000000000009,91,0.0279999999999916,90,36.8413614879047,18.4206807439524
90,10000,0.997000000000014,91,0.0279999999999916,90,36.8413614879047,18.4206807439524
90,10000,0.992999999999995,91,0.02800000000002,90,36.8413614879047,18.4206807439524
90,10000,0.994,91,0.0279999999999916,90,36.8413614879047,18.4206807439524
91,10000,0.988000000000028,92,0.02800000000002,91,36.8413614879047,18.4206807439524
91,10000,0.995000000000005,92,0.0279999999999916,91,36.8413614879047,18.4206807439524
91,10000,0.988,92,0.0279999999999916,91,36.8413614879047,18.4206807439524
91,10000,0.986999999999995,92,0.0279999999999916,91,36.8413614879047,18.4206807439524
91,10000,0.991000000000014,92,0.02800000000002,91,36.8413614879047,18.4206807439524
91,10000,0.985000000000014,92,0.0279999999999916,91,36.8413614879047,18.4206807439524
91,10000,0.992999999999995,92,0.0279999999999916,91,36.8413614879047,18.4206807439524
91,10000,0.986000000000018,92,0.0279999999999916,91,36.8413614879047,18.4206807439524
91,10000,0.997000000000014,92,0.0279999999999916,91,36.8413614879047,18.4206807439524
91,10000,1.017,92,0.0290000000000248,91,36.8413614879047,18.4206807439524
92,10000,1.07499999999999,93,0.0339999999999918,92,36.8413614879047,18.4206807439524
92,10000,1.03899999999999,93,0.0279999999999916,92,36.8413614879047,18.4206807439524
92,10000,0.320999999999998,93,0.00399999999999068,92,36.8413614879047,18.4206807439524
92,10000,0.117999999999995,93,0.0040000000000191,92,36.8413614879047,18.4206807439524
92,10000,0.113,93,0.0040000000000191,92,36.8413614879047,18.4206807439524
92,10000,0.116000000000014,93,0.00399999999999068,92,36.8413614879047,18.4206807439524
92,10000,0.114000000000004,93,0.0029999999999859,92,36.8413614879047,18.4206807439524
92,10000,0.120000000000005,93,0.00499999999999545,92,36.8413614879047,18.4206807439524
92,10000,0.112000000000023,93,0.00500000000002387,92,36.8413614879047,18.4206807439524
92,10000,0.109000000000009,93,0.00300000000001432,92,36.8413614879047,18.4206807439524
93,10000,0.120000000000005,94,0.00399999999999068,93,36.8413614879047,18.4206807439524
93,10000,0.109999999999985,94,0.0040000000000191,93,36.8413614879047,18.4206807439524
93,10000,0.111000000000018,94,0.0029999999999859,93,36.8413614879047,18.4206807439524
93,10000,0.117999999999995,94,0.00399999999999068,93,36.8413614879047,18.4206807439524
93,10000,0.108000000000004,94,0.0029999999999859,93,36.8413614879047,18.4206807439524
93,10000,0.111999999999995,94,0.00399999999999068,93,36.8413614879047,18.4206807439524
93,10000,0.0999999999999943,94,0.0040000000000191,93,36.8413614879047,18.4206807439524
93,10000,0.0999999999999943,94,0.0029999999999859,93,36.8413614879047,18.4206807439524
93,10000,0.0989999999999895,94,0.0040000000000191,93,36.8413614879047,18.4206807439524
93,10000,0.105000000000018,94,0.00300000000001432,94,36.8413614879047,18.4206807439524
94,10000,0.100999999999999,95,0.00300000000001432,94,36.8413614879047,18.4206807439524
94,10000,0.102000000000004,95,0.00399999999999068,94,36.8413614879047,18.4206807439524
94,10000,0.100999999999999,95,0.0029999999999859,94,36.8413614879047,18.4206807439524
94,10000,0.0999999999999943,95,0.00399999999999068,94,36.8413614879047,18.4206807439524
94,10000,0.0979999999999848,95,0.0040000000000191,94,36.8413614879047,18.4206807439524
94,10000,0.103999999999985,95,0.0029999999999859,94,36.8413614879047,18.4206807439524
94,10000,0.0989999999999895,95,0.0029999999999859,94,36.8413614879047,18.4206807439524
94,10000,0.0989999999999895,95,0.0029999999999859,94,36.8413614879047,18.4206807439524
94,10000,0.0999999999999943,95,0.0040000000000191,94,36.8413614879047,18.4206807439524
94,10000,0.09699999999998,95,0.0029999999999859,94,36.8413614879047,18.4206807439524
95,10000,0.106999999999999,96,0.00300000000001432,95,36.8413614879047,18.4206807439524
95,10000,0.099000000000018,96,0.0029999999999859,95,36.8413614879047,18.4206807439524
95,10000,0.099000000000018,96,0.00300000000001432,95,36.8413614879047,18.4206807439524
95,10000,0.0989999999999895,96,0.00300000000001432,95,36.8413614879047,18.4206807439524
95,10000,0.100999999999999,96,0.0029999999999859,95,36.8413614879047,18.4206807439524
95,10000,0.0989999999999895,96,0.00300000000001432,95,36.8413614879047,18.4206807439524
95,10000,0.102000000000004,96,0.00399999999999068,95,36.8413614879047,18.4206807439524
95,10000,0.11699999999999,96,0.00500000000002387,95,36.8413614879047,18.4206807439524
95,10000,0.109000000000009,96,0.00499999999999545,95,36.8413614879047,18.4206807439524
95,10000,0.114000000000004,96,0.0040000000000191,95,36.8413614879047,18.4206807439524
96,10000,0.102000000000004,97,0.0029999999999859,96,36.8413614879047,18.4206807439524
96,10000,0.106999999999999,97,0.0040000000000191,96,36.8413614879047,18.4206807439524
96,10000,0.105999999999995,97,0.00300000000001432,96,36.8413614879047,18.4206807439524
96,10000,0.102000000000004,97,0.00300000000001432,96,36.8413614879047,18.4206807439524
96,10000,0.110000000000014,97,0.00399999999999068,96,36.8413614879047,18.4206807439524
96,10000,0.0949999999999989,97,0.00300000000001432,96,36.8413614879047,18.4206807439524
96,10000,0.0999999999999943,97,0.00300000000001432,96,36.8413614879047,18.4206807439524
96,10000,0.0989999999999895,97,0.00300000000001432,96,36.8413614879047,18.4206807439524
96,10000,0.104000000000013,97,0.00300000000001432,96,36.8413614879047,18.4206807439524
96,10000,0.105999999999995,97,0.00300000000001432,96,36.8413614879047,18.4206807439524
97,10000,0.100999999999999,98,0.00300000000001432,97,36.8413614879047,18.4206807439524
97,10000,0.0999999999999943,98,0.0040000000000191,97,36.8413614879047,18.4206807439524
97,10000,0.103999999999985,98,0.00300000000001432,98,36.8413614879047,18.4206807439524
97,10000,0.113,98,0.00499999999999545,97,36.8413614879047,18.4206807439524
97,10000,0.105000000000018,98,0.0029999999999859,97,36.8413614879047,18.4206807439524
97,10000,0.106999999999999,98,0.0029999999999859,97,36.8413614879047,18.4206807439524
97,10000,0.11099999999999,98,0.0040000000000191,97,36.8413614879047,18.4206807439524
97,10000,0.101999999999975,98,0.0029999999999859,97,36.8413614879047,18.4206807439524
97,10000,0.0980000000000132,98,0.0029999999999859,97,36.8413614879047,18.4206807439524
97,10000,0.0980000000000132,98,0.0040000000000191,97,36.8413614879047,18.4206807439524
98,10000,0.09699999999998,99,0.00300000000004275,98,36.8413614879047,18.4206807439524
98,10000,0.0989999999999895,99,0.0040000000000191,98,36.8413614879047,18.4206807439524
98,10000,0.0970000000000368,99,0.0029999999999859,98,36.8413614879047,18.4206807439524
98,10000,0.0980000000000132,99,0.0029999999999859,98,36.8413614879047,18.4206807439524
98,10000,0.110000000000014,99,0.00300000000004275,98,36.8413614879047,18.4206807439524
98,10000,0.0979999999999563,99,0.0040000000000191,98,36.8413614879047,18.4206807439524
98,10000,0.101999999999975,99,0.0040000000000191,98,36.8413614879047,18.4206807439524
98,10000,0.108000000000004,99,0.0029999999999859,98,36.8413614879047,18.4206807439524
98,10000,0.100000000000023,99,0.0029999999999859,98,36.8413614879047,18.4206807439524
98,10000,0.0990000000000464,99,0.0029999999999859,98,36.8413614879047,18.4206807439524
99,10000,0.09699999999998,100,0.00300000000004275,100,36.8413614879047,18.4206807439524
99,10000,0.0960000000000036,100,0.0029999999999859,99,36.8413614879047,18.4206807439524
99,10000,0.101999999999975,100,0.0029999999999859,99,36.8413614879047,18.4206807439524
99,10000,0.103999999999985,100,0.00300000000004275,99,36.8413614879047,18.4206807439524
99,10000,0.100999999999999,100,0.00300000000004275,99,36.8413614879047,18.4206807439524
99,10000,0.0990000000000464,100,0.00399999999996226,99,36.8413614879047,18.4206807439524
99,10000,0.108000000000004,100,0.0040000000000191,99,36.8413614879047,18.4206807439524
99,10000,0.104000000000042,100,0.0029999999999859,99,36.8413614879047,18.4206807439524
99,10000,0.0979999999999563,100,0.00300000000004275,99,36.8413614879047,18.4206807439524
99,10000,0.100000000000023,100,0.00399999999996226,99,36.8413614879047,18.4206807439524
100,10000,0.0970000000000368,101,0.0029999999999859,100,36.8413614879047,18.4206807439524
100,10000,0.0979999999999563,101,0.0029999999999859,100,36.8413614879047,18.4206807439524
100,10000,0.0989999999999895,101,0.0029999999999859,100,36.8413614879047,18.4206807439524
100,10000,0.104999999999961,101,0.0029999999999859,100,36.8413614879047,18.4206807439524
100,10000,0.0980000000000132,101,0.0040000000000191,100,36.8413614879047,18.4206807439524
100,10000,0.0980000000000132,101,0.00300000000004275,100,36.8413614879047,18.4206807439524
100,10000,0.0960000000000036,101,0.0029999999999859,100,36.8413614879047,18.4206807439524
100,10000,0.0980000000000132,101,0.0029999999999859,100,36.8413614879047,18.4206807439524
100,10000,0.0980000000000132,101,0.0029999999999859,100,36.8413614879047,18.4206807439524
100,10000,0.102000000000032,101,0.0029999999999859,100,36.8413614879047,18.4206807439524
